student_id,day,sleep_hours,study_hours,screen_time_hours,physical_activity_mins,academic_workload_score,social_activity_hours,anxiety_level,mood_rating,routine_consistency_score,journal_entry,stress_score,severity_tier,stress_nature,stress_trajectory,major_factors
STU_001,1,4.6,4.65,4.12,48.1,7.06,4.57,5.5,6.0,3.21,"Struggling to manage daily routine, exams, and keeping up health.",69.9,High,Mixed,Stable,"[""Sleep Deprivation"", ""Heavy Academic Workload""]"
STU_001,2,4.6,4.65,4.12,48.1,7.06,4.57,5.5,6.0,6.28,"Exhausted from constant workload, lack of sleep, and social fatigue.",69.94,High,Mixed,Stable,"[""Sleep Deprivation"", ""Heavy Academic Workload""]"
STU_001,3,4.6,4.65,4.12,48.1,7.06,4.57,5.5,6.0,7.65,"Exhausted from constant workload, lack of sleep, and social fatigue.",69.54,High,Mixed,Stable,"[""Sleep Deprivation"", ""Heavy Academic Workload""]"
STU_001,4,4.6,4.65,4.12,48.1,7.06,4.57,5.5,6.0,4.43,"Struggling to manage daily routine, exams, and keeping up health.",73.59,High,Mixed,Stable,"[""Sleep Deprivation"", ""Heavy Academic Workload""]"
STU_001,5,4.6,4.65,4.12,48.1,7.06,4.57,5.5,6.0,7.93,"Everything is building up at once - exams, poor sleep, and placement worries.",72.92,High,Mixed,Stable,"[""Sleep Deprivation"", ""Heavy Academic Workload""]"
STU_001,6,4.6,4.65,4.12,48.1,7.06,4.57,5.5,6.0,5.21,"Struggling to manage daily routine, exams, and keeping up health.",70.34,High,Mixed,Stable,"[""Sleep Deprivation"", ""Heavy Academic Workload""]"
STU_001,7,4.6,4.65,4.12,48.1,7.06,4.57,5.5,6.0,3.66,Feeling overwhelmed by academic deadlines and personal life stress.,70.31,High,Mixed,Stable,"[""Sleep Deprivation"", ""Heavy Academic Workload""]"
STU_002,1,4.42,5.06,8.12,0.7,5.55,1.5,7.29,3.98,6.75,"Waking up feeling tired despite sleeping late, unable to get restful sleep.",94.77,Severe,Sleep-related,Stable,"[""Sleep Deprivation"", ""Exam & Performance Anxiety"", ""Excessive Screen Time"", ""Low Physical Activity"", ""Social Isolation""]"
STU_002,2,4.2,5.06,8.07,4.1,5.48,1.5,7.4,3.78,8.63,Disrupted sleep schedule and constant headaches throughout the morning.,90.97,Severe,Sleep-related,Stable,"[""Sleep Deprivation"", ""Exam & Performance Anxiety"", ""Excessive Screen Time"", ""Low Physical Activity"", ""Social Isolation""]"
STU_002,3,3.88,5.06,8.68,5.3,6.09,1.5,7.56,3.49,7.56,"Waking up feeling tired despite sleeping late, unable to get restful sleep.",98.0,Severe,Sleep-related,Stable,"[""Sleep Deprivation"", ""Exam & Performance Anxiety"", ""Excessive Screen Time"", ""Low Physical Activity"", ""Social Isolation""]"
STU_002,4,4.18,5.06,8.11,1.6,5.89,1.5,7.41,3.77,5.47,Screen usage late at night is ruining my sleep quality.,94.17,Severe,Sleep-related,Stable,"[""Sleep Deprivation"", ""Exam & Performance Anxiety"", ""Excessive Screen Time"", ""Low Physical Activity"", ""Social Isolation""]"
STU_002,5,4.49,5.06,8.96,0.1,5.81,1.5,7.26,4.04,4.49,Insomnia is killing me. Only slept 3 hours last night and feel exhausted.,95.75,Severe,Sleep-related,Stable,"[""Sleep Deprivation"", ""Exam & Performance Anxiety"", ""Excessive Screen Time"", ""Low Physical Activity"", ""Social Isolation""]"
STU_002,6,3.53,5.06,8.47,4.8,5.52,1.5,7.73,3.18,4.38,"Waking up feeling tired despite sleeping late, unable to get restful sleep.",98.0,Severe,Sleep-related,Stable,"[""Sleep Deprivation"", ""Exam & Performance Anxiety"", ""Excessive Screen Time"", ""Low Physical Activity"", ""Social Isolation""]"
STU_002,7,4.0,5.06,9.33,5.5,5.9,1.5,7.5,3.6,7.86,"Waking up feeling tired despite sleeping late, unable to get restful sleep.",95.53,Severe,Sleep-related,Stable,"[""Sleep Deprivation"", ""Exam & Performance Anxiety"", ""Excessive Screen Time"", ""Low Physical Activity"", ""Social Isolation""]"
STU_003,1,3.65,8.98,8.24,21.2,7.72,4.44,7.67,3.29,6.44,Screen usage late at night is ruining my sleep quality.,98.0,Severe,Sleep-related,Sudden Escalation,"[""Sleep Deprivation"", ""Heavy Academic Workload"", ""Exam & Performance Anxiety"", ""Excessive Screen Time""]"
STU_003,2,4.47,8.98,9.29,20.0,7.05,4.44,7.26,4.02,8.0,"Waking up feeling tired despite sleeping late, unable to get restful sleep.",93.62,Severe,Sleep-related,Sudden Escalation,"[""Sleep Deprivation"", ""Heavy Academic Workload"", ""Exam & Performance Anxiety"", ""Excessive Screen Time""]"
STU_003,3,3.84,8.98,8.44,27.2,7.19,4.44,7.58,3.46,9.32,"Waking up feeling tired despite sleeping late, unable to get restful sleep.",98.0,Severe,Sleep-related,Sudden Escalation,"[""Sleep Deprivation"", ""Heavy Academic Workload"", ""Exam & Performance Anxiety"", ""Excessive Screen Time""]"
STU_003,4,4.26,8.98,8.76,21.0,7.14,4.44,7.37,3.84,3.99,Disrupted sleep schedule and constant headaches throughout the morning.,96.17,Severe,Sleep-related,Sudden Escalation,"[""Sleep Deprivation"", ""Heavy Academic Workload"", ""Exam & Performance Anxiety"", ""Excessive Screen Time""]"
STU_003,5,2.76,8.98,8.81,21.9,7.81,4.44,8.12,2.49,6.18,"Waking up feeling tired despite sleeping late, unable to get restful sleep.",98.0,Severe,Sleep-related,Sudden Escalation,"[""Sleep Deprivation"", ""Heavy Academic Workload"", ""Exam & Performance Anxiety"", ""Excessive Screen Time""]"
STU_003,6,2.5,8.98,8.54,19.1,8.02,4.44,8.25,2.25,8.71,Disrupted sleep schedule and constant headaches throughout the morning.,98.0,Severe,Sleep-related,Sudden Escalation,"[""Sleep Deprivation"", ""Heavy Academic Workload"", ""Exam & Performance Anxiety"", ""Excessive Screen Time"", ""Low Physical Activity""]"
STU_003,7,2.95,8.98,8.13,26.5,7.52,4.44,8.03,2.65,3.83,Disrupted sleep schedule and constant headaches throughout the morning.,98.0,Severe,Sleep-related,Sudden Escalation,"[""Sleep Deprivation"", ""Heavy Academic Workload"", ""Exam & Performance Anxiety"", ""Excessive Screen Time""]"
STU_004,1,3.7,8.23,8.47,8.0,6.73,3.92,7.65,3.33,3.79,Screen usage late at night is ruining my sleep quality.,98.0,Severe,Sleep-related,Increasing,"[""Sleep Deprivation"", ""Heavy Academic Workload"", ""Exam & Performance Anxiety"", ""Excessive Screen Time"", ""Low Physical Activity""]"
STU_004,2,3.57,8.23,8.51,12.2,6.32,3.92,7.71,3.22,7.6,Insomnia is killing me. Only slept 3 hours last night and feel exhausted.,96.75,Severe,Sleep-related,Increasing,"[""Sleep Deprivation"", ""Exam & Performance Anxiety"", ""Excessive Screen Time"", ""Low Physical Activity""]"
STU_004,3,3.26,8.23,8.1,11.2,5.77,3.92,7.87,2.93,7.35,"Waking up feeling tired despite sleeping late, unable to get restful sleep.",98.0,Severe,Sleep-related,Increasing,"[""Sleep Deprivation"", ""Exam & Performance Anxiety"", ""Excessive Screen Time"", ""Low Physical Activity""]"
STU_004,4,3.26,8.23,8.2,8.8,6.67,3.92,7.87,2.94,8.25,Screen usage late at night is ruining my sleep quality.,98.0,Severe,Sleep-related,Increasing,"[""Sleep Deprivation"", ""Heavy Academic Workload"", ""Exam & Performance Anxiety"", ""Excessive Screen Time"", ""Low Physical Activity""]"
STU_004,5,3.09,8.23,8.15,10.3,6.17,3.92,7.95,2.78,7.38,Insomnia is killing me. Only slept 3 hours last night and feel exhausted.,98.0,Severe,Sleep-related,Increasing,"[""Sleep Deprivation"", ""Exam & Performance Anxiety"", ""Excessive Screen Time"", ""Low Physical Activity""]"
STU_004,6,3.73,8.23,8.15,11.1,6.14,3.92,7.63,3.36,4.25,Disrupted sleep schedule and constant headaches throughout the morning.,98.0,Severe,Sleep-related,Increasing,"[""Sleep Deprivation"", ""Exam & Performance Anxiety"", ""Excessive Screen Time"", ""Low Physical Activity""]"
STU_004,7,3.14,8.23,8.21,9.9,5.92,3.92,7.93,2.82,5.88,Insomnia is killing me. Only slept 3 hours last night and feel exhausted.,98.0,Severe,Sleep-related,Increasing,"[""Sleep Deprivation"", ""Exam & Performance Anxiety"", ""Excessive Screen Time"", ""Low Physical Activity""]"
STU_005,1,4.7,9.0,8.68,53.6,8.56,1.37,6.58,5.82,8.62,Had a conflict with roommate and feeling socially strained.,88.73,Severe,Social,Stable,"[""Sleep Deprivation"", ""Heavy Academic Workload"", ""Exam & Performance Anxiety"", ""Excessive Screen Time"", ""Social Isolation""]"
STU_005,2,4.7,9.0,8.68,53.6,8.56,0.78,6.93,5.47,9.4,Feeling isolated from my peer group and struggling with campus social life.,89.63,Severe,Social,Stable,"[""Sleep Deprivation"", ""Heavy Academic Workload"", ""Exam & Performance Anxiety"", ""Excessive Screen Time"", ""Social Isolation""]"
STU_005,3,4.7,9.0,8.68,53.6,8.56,1.29,6.63,5.77,4.85,Difficulty balancing group project communication and team dynamics.,90.9,Severe,Social,Stable,"[""Sleep Deprivation"", ""Heavy Academic Workload"", ""Exam & Performance Anxiety"", ""Excessive Screen Time"", ""Social Isolation""]"
STU_005,4,4.7,9.0,8.68,53.6,8.56,0.94,6.83,5.57,4.01,Difficulty balancing group project communication and team dynamics.,92.23,Severe,Social,Stable,"[""Sleep Deprivation"", ""Heavy Academic Workload"", ""Exam & Performance Anxiety"", ""Excessive Screen Time"", ""Social Isolation""]"
STU_005,5,4.7,9.0,8.68,53.6,8.56,1.26,6.64,5.76,7.86,Feeling isolated from my peer group and struggling with campus social life.,92.13,Severe,Social,Stable,"[""Sleep Deprivation"", ""Heavy Academic Workload"", ""Exam & Performance Anxiety"", ""Excessive Screen Time"", ""Social Isolation""]"
STU_005,6,4.7,9.0,8.68,53.6,8.56,1.45,6.53,5.87,3.37,Had a conflict with roommate and feeling socially strained.,88.9,Severe,Social,Stable,"[""Sleep Deprivation"", ""Heavy Academic Workload"", ""Exam & Performance Anxiety"", ""Excessive Screen Time"", ""Social Isolation""]"
STU_005,7,4.7,9.0,8.68,53.6,8.56,1.09,6.74,5.66,6.87,Feeling isolated from my peer group and struggling with campus social life.,92.23,Severe,Social,Stable,"[""Sleep Deprivation"", ""Heavy Academic Workload"", ""Exam & Performance Anxiety"", ""Excessive Screen Time"", ""Social Isolation""]"
STU_006,1,6.12,8.65,5.85,41.1,3.24,1.33,5.5,6.0,9.08,Feeling overwhelmed by academic deadlines and personal life stress.,57.56,Moderate,Mixed,Increasing,"[""Social Isolation""]"
STU_006,2,6.06,8.65,5.85,41.1,3.39,1.33,5.65,5.92,4.55,Feeling overwhelmed by academic deadlines and personal life stress.,56.42,Moderate,Mixed,Increasing,"[""Social Isolation""]"
STU_006,3,6.0,8.65,5.85,41.1,3.54,1.33,5.8,5.85,5.97,Feeling overwhelmed by academic deadlines and personal life stress.,59.15,Moderate,Mixed,Increasing,"[""Sleep Deprivation"", ""Social Isolation""]"
STU_006,4,5.94,8.65,5.85,41.1,3.69,1.33,5.95,5.78,3.06,"Everything is building up at once - exams, poor sleep, and placement worries.",63.93,High,Mixed,Increasing,"[""Sleep Deprivation"", ""Social Isolation""]"
STU_006,5,5.88,8.65,5.85,41.1,3.84,1.33,6.1,5.7,3.48,"Everything is building up at once - exams, poor sleep, and placement worries.",63.67,High,Mixed,Increasing,"[""Sleep Deprivation"", ""Exam & Performance Anxiety"", ""Social Isolation""]"
STU_006,6,5.82,8.65,5.85,41.1,3.99,1.33,6.25,5.62,3.86,Feeling overwhelmed by academic deadlines and personal life stress.,62.8,High,Mixed,Increasing,"[""Sleep Deprivation"", ""Exam & Performance Anxiety"", ""Social Isolation""]"
STU_006,7,5.76,8.65,5.85,41.1,4.14,1.33,6.4,5.55,8.72,"Everything is building up at once - exams, poor sleep, and placement worries.",65.2,High,Mixed,Increasing,"[""Sleep Deprivation"", ""Exam & Performance Anxiety"", ""Social Isolation""]"
STU_007,1,5.0,7.0,7.01,11.8,7.5,1.35,8.75,3.44,4.72,"Too many deadlines overlapping on the same day, feeling breathless.",98.0,Severe,Time-pressure,Decreasing,"[""Sleep Deprivation"", ""Heavy Academic Workload"", ""Exam & Performance Anxiety"", ""Excessive Screen Time"", ""Low Physical Activity"", ""Social Isolation""]"
STU_007,2,5.04,7.0,7.89,12.6,7.35,1.42,8.71,3.45,7.66,"Too many deadlines overlapping on the same day, feeling breathless.",98.0,Severe,Time-pressure,Decreasing,"[""Sleep Deprivation"", ""Heavy Academic Workload"", ""Exam & Performance Anxiety"", ""Excessive Screen Time"", ""Low Physical Activity"", ""Social Isolation""]"
STU_007,3,5.09,7.0,7.2,13.7,7.2,1.37,8.66,3.47,3.6,"Running out of time to complete all my tasks today, constantly rushing.",98.0,Severe,Time-pressure,Decreasing,"[""Sleep Deprivation"", ""Heavy Academic Workload"", ""Exam & Performance Anxiety"", ""Excessive Screen Time"", ""Low Physical Activity"", ""Social Isolation""]"
STU_007,4,5.13,7.0,7.42,17.2,7.05,1.5,8.62,3.48,4.05,Poor time management has left me pulling late nights to meet project milestones.,98.0,Severe,Time-pressure,Decreasing,"[""Sleep Deprivation"", ""Heavy Academic Workload"", ""Exam & Performance Anxiety"", ""Excessive Screen Time"", ""Low Physical Activity"", ""Social Isolation""]"
STU_007,5,5.18,7.0,7.44,12.9,6.9,1.22,8.57,3.5,6.55,"Too many deadlines overlapping on the same day, feeling breathless.",95.75,Severe,Time-pressure,Decreasing,"[""Sleep Deprivation"", ""Heavy Academic Workload"", ""Exam & Performance Anxiety"", ""Excessive Screen Time"", ""Low Physical Activity"", ""Social Isolation""]"
STU_007,6,5.22,7.0,7.83,14.2,6.75,1.43,8.53,3.52,5.37,Poor time management has left me pulling late nights to meet project milestones.,94.73,Severe,Time-pressure,Decreasing,"[""Sleep Deprivation"", ""Heavy Academic Workload"", ""Exam & Performance Anxiety"", ""Excessive Screen Time"", ""Low Physical Activity"", ""Social Isolation""]"
STU_007,7,5.27,7.0,7.93,10.3,6.6,1.48,8.48,3.53,7.34,"Too many deadlines overlapping on the same day, feeling breathless.",95.71,Severe,Time-pressure,Decreasing,"[""Sleep Deprivation"", ""Heavy Academic Workload"", ""Exam & Performance Anxiety"", ""Excessive Screen Time"", ""Low Physical Activity"", ""Social Isolation""]"
STU_008,1,5.0,7.0,7.18,15.9,7.5,1.41,8.75,3.44,8.21,"Juggling classes, projects, and personal commitments is overwhelming.",98.0,Severe,Time-pressure,Sudden Escalation,"[""Sleep Deprivation"", ""Heavy Academic Workload"", ""Exam & Performance Anxiety"", ""Excessive Screen Time"", ""Low Physical Activity"", ""Social Isolation""]"
STU_008,2,5.0,7.0,7.86,11.9,7.5,1.37,8.75,3.44,5.49,"Running out of time to complete all my tasks today, constantly rushing.",98.0,Severe,Time-pressure,Sudden Escalation,"[""Sleep Deprivation"", ""Heavy Academic Workload"", ""Exam & Performance Anxiety"", ""Excessive Screen Time"", ""Low Physical Activity"", ""Social Isolation""]"
STU_008,3,5.0,7.0,7.04,15.3,7.5,1.4,8.75,3.44,4.98,Poor time management has left me pulling late nights to meet project milestones.,98.0,Severe,Time-pressure,Sudden Escalation,"[""Sleep Deprivation"", ""Heavy Academic Workload"", ""Exam & Performance Anxiety"", ""Excessive Screen Time"", ""Low Physical Activity"", ""Social Isolation""]"
STU_008,4,5.0,7.0,7.8,17.7,7.5,1.49,8.75,3.44,4.81,Poor time management has left me pulling late nights to meet project milestones.,98.0,Severe,Time-pressure,Sudden Escalation,"[""Sleep Deprivation"", ""Heavy Academic Workload"", ""Exam & Performance Anxiety"", ""Excessive Screen Time"", ""Low Physical Activity"", ""Social Isolation""]"
STU_008,5,4.55,7.0,7.07,12.3,9.0,1.32,9.2,3.28,9.11,Poor time management has left me pulling late nights to meet project milestones.,98.0,Severe,Time-pressure,Sudden Escalation,"[""Sleep Deprivation"", ""Heavy Academic Workload"", ""Exam & Performance Anxiety"", ""Excessive Screen Time"", ""Low Physical Activity"", ""Social Isolation""]"
STU_008,6,4.55,7.0,7.12,10.3,9.0,1.41,9.2,3.28,3.25,Poor time management has left me pulling late nights to meet project milestones.,98.0,Severe,Time-pressure,Sudden Escalation,"[""Sleep Deprivation"", ""Heavy Academic Workload"", ""Exam & Performance Anxiety"", ""Excessive Screen Time"", ""Low Physical Activity"", ""Social Isolation""]"
STU_008,7,4.55,7.0,7.6,16.5,9.0,1.11,9.2,3.28,5.5,"Running out of time to complete all my tasks today, constantly rushing.",98.0,Severe,Time-pressure,Sudden Escalation,"[""Sleep Deprivation"", ""Heavy Academic Workload"", ""Exam & Performance Anxiety"", ""Excessive Screen Time"", ""Low Physical Activity"", ""Social Isolation""]"
STU_009,1,5.52,7.25,5.0,51.7,6.23,0.91,6.86,5.54,5.8,Missing home and feeling lonely during weekends in the college dormitory.,76.41,High,Social,Increasing,"[""Sleep Deprivation"", ""Exam & Performance Anxiety"", ""Social Isolation""]"
STU_009,2,5.52,7.25,5.0,51.7,6.23,0.74,6.96,5.44,7.31,Missing home and feeling lonely during weekends in the college dormitory.,78.71,High,Social,Increasing,"[""Sleep Deprivation"", ""Exam & Performance Anxiety"", ""Social Isolation""]"
STU_009,3,5.52,7.25,5.0,51.7,6.23,1.4,6.56,5.84,7.33,Missing home and feeling lonely during weekends in the college dormitory.,75.42,High,Social,Increasing,"[""Sleep Deprivation"", ""Exam & Performance Anxiety"", ""Social Isolation""]"
STU_009,4,5.52,7.25,5.0,51.7,6.23,1.24,6.66,5.74,4.25,Had a conflict with roommate and feeling socially strained.,74.98,High,Social,Increasing,"[""Sleep Deprivation"", ""Exam & Performance Anxiety"", ""Social Isolation""]"
STU_009,5,5.52,7.25,5.0,51.7,6.23,0.97,6.82,5.58,7.0,Had a conflict with roommate and feeling socially strained.,74.37,High,Social,Increasing,"[""Sleep Deprivation"", ""Exam & Performance Anxiety"", ""Social Isolation""]"
STU_009,6,5.52,7.25,5.0,51.7,6.23,1.26,6.64,5.76,4.98,Feeling isolated from my peer group and struggling with campus social life.,73.98,High,Social,Increasing,"[""Sleep Deprivation"", ""Exam & Performance Anxiety"", ""Social Isolation""]"
STU_009,7,5.52,7.25,5.0,51.7,6.23,1.33,6.6,5.8,6.02,Missing home and feeling lonely during weekends in the college dormitory.,75.06,High,Social,Increasing,"[""Sleep Deprivation"", ""Exam & Performance Anxiety"", ""Social Isolation""]"
STU_010,1,4.16,7.76,8.93,28.6,6.55,2.14,7.42,3.75,4.46,"Waking up feeling tired despite sleeping late, unable to get restful sleep.",92.74,Severe,Sleep-related,Increasing,"[""Sleep Deprivation"", ""Heavy Academic Workload"", ""Exam & Performance Anxiety"", ""Excessive Screen Time""]"
STU_010,2,3.55,7.76,8.04,33.4,6.7,2.14,7.73,3.19,5.96,Insomnia is killing me. Only slept 3 hours last night and feel exhausted.,98.0,Severe,Sleep-related,Increasing,"[""Sleep Deprivation"", ""Heavy Academic Workload"", ""Exam & Performance Anxiety"", ""Excessive Screen Time""]"
STU_010,3,4.09,7.76,8.86,34.3,7.17,2.14,7.46,3.68,7.26,Disrupted sleep schedule and constant headaches throughout the morning.,95.99,Severe,Sleep-related,Increasing,"[""Sleep Deprivation"", ""Heavy Academic Workload"", ""Exam & Performance Anxiety"", ""Excessive Screen Time""]"
STU_010,4,3.06,7.76,9.13,37.1,7.22,2.14,7.97,2.75,8.23,Disrupted sleep schedule and constant headaches throughout the morning.,98.0,Severe,Sleep-related,Increasing,"[""Sleep Deprivation"", ""Heavy Academic Workload"", ""Exam & Performance Anxiety"", ""Excessive Screen Time""]"
STU_010,5,3.6,7.76,8.7,28.9,7.01,2.14,7.7,3.24,8.21,Disrupted sleep schedule and constant headaches throughout the morning.,98.0,Severe,Sleep-related,Increasing,"[""Sleep Deprivation"", ""Heavy Academic Workload"", ""Exam & Performance Anxiety"", ""Excessive Screen Time""]"
STU_010,6,3.42,7.76,9.48,28.6,7.05,2.14,7.79,3.08,8.4,Screen usage late at night is ruining my sleep quality.,98.0,Severe,Sleep-related,Increasing,"[""Sleep Deprivation"", ""Heavy Academic Workload"", ""Exam & Performance Anxiety"", ""Excessive Screen Time""]"
STU_010,7,3.15,7.76,9.35,33.4,7.2,2.14,7.93,2.83,8.46,Disrupted sleep schedule and constant headaches throughout the morning.,98.0,Severe,Sleep-related,Increasing,"[""Sleep Deprivation"", ""Heavy Academic Workload"", ""Exam & Performance Anxiety"", ""Excessive Screen Time""]"
STU_011,1,5.0,7.0,7.54,18.6,7.5,1.38,8.75,3.44,3.42,"Too many deadlines overlapping on the same day, feeling breathless.",98.0,Severe,Time-pressure,Sudden Escalation,"[""Sleep Deprivation"", ""Heavy Academic Workload"", ""Exam & Performance Anxiety"", ""Excessive Screen Time"", ""Low Physical Activity"", ""Social Isolation""]"
STU_011,2,5.0,7.0,7.41,14.6,7.5,1.29,8.75,3.44,5.53,"Juggling classes, projects, and personal commitments is overwhelming.",98.0,Severe,Time-pressure,Sudden Escalation,"[""Sleep Deprivation"", ""Heavy Academic Workload"", ""Exam & Performance Anxiety"", ""Excessive Screen Time"", ""Low Physical Activity"", ""Social Isolation""]"
STU_011,3,5.0,7.0,7.77,10.5,7.5,1.49,8.75,3.44,6.1,"Juggling classes, projects, and personal commitments is overwhelming.",98.0,Severe,Time-pressure,Sudden Escalation,"[""Sleep Deprivation"", ""Heavy Academic Workload"", ""Exam & Performance Anxiety"", ""Excessive Screen Time"", ""Low Physical Activity"", ""Social Isolation""]"
STU_011,4,5.0,7.0,7.94,17.0,7.5,1.31,8.75,3.44,6.5,"Juggling classes, projects, and personal commitments is overwhelming.",98.0,Severe,Time-pressure,Sudden Escalation,"[""Sleep Deprivation"", ""Heavy Academic Workload"", ""Exam & Performance Anxiety"", ""Excessive Screen Time"", ""Low Physical Activity"", ""Social Isolation""]"
STU_011,5,4.55,7.0,7.73,12.0,9.0,1.05,9.2,3.28,5.83,Poor time management has left me pulling late nights to meet project milestones.,98.0,Severe,Time-pressure,Sudden Escalation,"[""Sleep Deprivation"", ""Heavy Academic Workload"", ""Exam & Performance Anxiety"", ""Excessive Screen Time"", ""Low Physical Activity"", ""Social Isolation""]"
STU_011,6,4.55,7.0,7.03,16.6,9.0,1.16,9.2,3.28,8.46,"Too many deadlines overlapping on the same day, feeling breathless.",98.0,Severe,Time-pressure,Sudden Escalation,"[""Sleep Deprivation"", ""Heavy Academic Workload"", ""Exam & Performance Anxiety"", ""Excessive Screen Time"", ""Low Physical Activity"", ""Social Isolation""]"
STU_011,7,4.55,7.0,7.92,10.2,9.0,1.23,9.2,3.28,3.55,"Running out of time to complete all my tasks today, constantly rushing.",98.0,Severe,Time-pressure,Sudden Escalation,"[""Sleep Deprivation"", ""Heavy Academic Workload"", ""Exam & Performance Anxiety"", ""Excessive Screen Time"", ""Low Physical Activity"", ""Social Isolation""]"
STU_012,1,4.38,4.09,8.42,15.5,6.18,2.35,7.31,3.94,3.13,Screen usage late at night is ruining my sleep quality.,94.34,Severe,Sleep-related,Increasing,"[""Sleep Deprivation"", ""Exam & Performance Anxiety"", ""Excessive Screen Time"", ""Low Physical Activity""]"
STU_012,2,3.89,4.09,9.5,13.2,5.58,2.35,7.56,3.5,7.9,Insomnia is killing me. Only slept 3 hours last night and feel exhausted.,96.99,Severe,Sleep-related,Increasing,"[""Sleep Deprivation"", ""Exam & Performance Anxiety"", ""Excessive Screen Time"", ""Low Physical Activity""]"
STU_012,3,4.15,4.09,8.3,18.2,5.25,2.35,7.43,3.73,6.67,Insomnia is killing me. Only slept 3 hours last night and feel exhausted.,87.82,Severe,Sleep-related,Increasing,"[""Sleep Deprivation"", ""Exam & Performance Anxiety"", ""Excessive Screen Time"", ""Low Physical Activity""]"
STU_012,4,3.27,4.09,9.05,18.1,6.0,2.35,7.87,2.94,8.06,Insomnia is killing me. Only slept 3 hours last night and feel exhausted.,98.0,Severe,Sleep-related,Increasing,"[""Sleep Deprivation"", ""Exam & Performance Anxiety"", ""Excessive Screen Time"", ""Low Physical Activity""]"
STU_012,5,3.06,4.09,8.47,10.4,5.81,2.35,7.97,2.76,5.58,Screen usage late at night is ruining my sleep quality.,98.0,Severe,Sleep-related,Increasing,"[""Sleep Deprivation"", ""Exam & Performance Anxiety"", ""Excessive Screen Time"", ""Low Physical Activity""]"
STU_012,6,3.47,4.09,8.11,13.5,5.92,2.35,7.77,3.12,8.53,"Waking up feeling tired despite sleeping late, unable to get restful sleep.",96.74,Severe,Sleep-related,Increasing,"[""Sleep Deprivation"", ""Exam & Performance Anxiety"", ""Excessive Screen Time"", ""Low Physical Activity""]"
STU_012,7,3.2,4.09,8.18,11.9,6.21,2.35,7.9,2.88,7.3,Screen usage late at night is ruining my sleep quality.,98.0,Severe,Sleep-related,Increasing,"[""Sleep Deprivation"", ""Exam & Performance Anxiety"", ""Excessive Screen Time"", ""Low Physical Activity""]"
STU_013,1,4.26,6.28,5.97,24.8,6.13,3.95,6.68,4.66,6.02,Extremely anxious about upcoming lab exams and pending submissions.,85.92,Severe,Academic,Decreasing,"[""Sleep Deprivation"", ""Exam & Performance Anxiety""]"
STU_013,2,4.07,6.5,5.7,20.5,6.35,4.29,6.82,4.59,6.7,Extremely anxious about upcoming lab exams and pending submissions.,85.51,Severe,Academic,Decreasing,"[""Sleep Deprivation"", ""Exam & Performance Anxiety""]"
STU_013,3,4.3,6.76,5.78,27.2,6.04,4.21,6.63,4.69,8.72,Can't focus on studying due to overwhelming course requirements and deadlines.,80.34,Severe,Academic,Decreasing,"[""Sleep Deprivation"", ""Exam & Performance Anxiety""]"
STU_013,4,4.41,6.04,6.4,33.2,5.92,3.85,6.55,4.73,7.49,Struggling with the heavy assignment load and complex programming projects.,80.4,Severe,Academic,Decreasing,"[""Sleep Deprivation"", ""Exam & Performance Anxiety""]"
STU_013,5,4.36,7.21,5.54,31.2,5.72,3.87,6.48,4.76,6.08,Can't focus on studying due to overwhelming course requirements and deadlines.,78.0,High,Academic,Decreasing,"[""Sleep Deprivation"", ""Exam & Performance Anxiety""]"
STU_013,6,4.47,7.14,5.78,24.0,5.45,4.3,6.34,4.83,7.69,I have three major midterms coming up this week and I feel completely unprepared.,76.2,High,Academic,Decreasing,"[""Sleep Deprivation"", ""Exam & Performance Anxiety""]"
STU_013,7,4.35,7.45,6.14,31.6,5.09,3.83,6.23,4.89,9.37,Can't focus on studying due to overwhelming course requirements and deadlines.,74.58,High,Academic,Decreasing,"[""Sleep Deprivation"", ""Exam & Performance Anxiety""]"
STU_014,1,5.13,6.12,3.07,39.0,5.4,3.53,7.48,4.51,6.05,Worried about my upcoming seminar presentation in front of professors.,78.01,High,Performance,Decreasing,"[""Sleep Deprivation"", ""Exam & Performance Anxiety""]"
STU_014,2,5.18,5.35,3.07,39.0,5.29,3.46,7.46,4.52,6.2,Feeling inadequate compared to my peers during coding competitive tests.,77.03,High,Performance,Decreasing,"[""Sleep Deprivation"", ""Exam & Performance Anxiety""]"
STU_014,3,5.12,6.11,3.07,39.0,5.42,3.59,8.4,4.14,3.77,Constant pressure to perform well and keep up high GPA expectations.,77.51,High,Performance,Decreasing,"[""Sleep Deprivation"", ""Exam & Performance Anxiety""]"
STU_014,4,4.74,5.99,3.07,39.0,5.61,4.17,7.55,4.48,4.93,Feeling inadequate compared to my peers during coding competitive tests.,77.63,High,Performance,Decreasing,"[""Sleep Deprivation"", ""Exam & Performance Anxiety""]"
STU_014,5,4.87,5.72,3.07,39.0,5.43,4.34,8.42,4.13,7.07,Constant pressure to perform well and keep up high GPA expectations.,77.96,High,Performance,Decreasing,"[""Sleep Deprivation"", ""Exam & Performance Anxiety""]"
STU_014,6,5.07,5.2,3.07,39.0,5.11,3.85,6.81,4.77,4.89,Feeling inadequate compared to my peers during coding competitive tests.,70.99,High,Performance,Decreasing,"[""Sleep Deprivation"", ""Exam & Performance Anxiety""]"
STU_014,7,4.79,6.14,3.07,39.0,5.08,3.94,7.87,4.35,5.76,Constant pressure to perform well and keep up high GPA expectations.,79.86,High,Performance,Decreasing,"[""Sleep Deprivation"", ""Exam & Performance Anxiety""]"
STU_015,1,7.09,8.45,8.63,13.2,4.0,0.9,6.86,5.54,5.85,Missing home and feeling lonely during weekends in the college dormitory.,68.49,High,Social,Increasing,"[""Exam & Performance Anxiety"", ""Excessive Screen Time"", ""Low Physical Activity"", ""Social Isolation""]"
STU_015,2,7.09,8.45,8.63,13.2,4.0,1.13,6.72,5.68,9.13,Difficulty balancing group project communication and team dynamics.,65.82,High,Social,Increasing,"[""Exam & Performance Anxiety"", ""Excessive Screen Time"", ""Low Physical Activity"", ""Social Isolation""]"
STU_015,3,7.09,8.45,8.63,13.2,4.0,1.1,6.74,5.66,6.89,Feeling isolated from my peer group and struggling with campus social life.,67.08,High,Social,Increasing,"[""Exam & Performance Anxiety"", ""Excessive Screen Time"", ""Low Physical Activity"", ""Social Isolation""]"
STU_015,4,7.09,8.45,8.63,13.2,4.0,0.79,6.93,5.47,3.17,Missing home and feeling lonely during weekends in the college dormitory.,70.02,High,Social,Increasing,"[""Exam & Performance Anxiety"", ""Excessive Screen Time"", ""Low Physical Activity"", ""Social Isolation""]"
STU_015,5,7.09,8.45,8.63,13.2,4.0,1.32,6.61,5.79,9.5,Feeling isolated from my peer group and struggling with campus social life.,67.12,High,Social,Increasing,"[""Exam & Performance Anxiety"", ""Excessive Screen Time"", ""Low Physical Activity"", ""Social Isolation""]"
STU_015,6,7.09,8.45,8.63,13.2,4.0,0.96,6.82,5.58,7.96,Feeling isolated from my peer group and struggling with campus social life.,66.4,High,Social,Increasing,"[""Exam & Performance Anxiety"", ""Excessive Screen Time"", ""Low Physical Activity"", ""Social Isolation""]"
STU_015,7,7.09,8.45,8.63,13.2,4.0,1.36,6.58,5.82,8.95,Difficulty balancing group project communication and team dynamics.,65.99,High,Social,Increasing,"[""Exam & Performance Anxiety"", ""Excessive Screen Time"", ""Low Physical Activity"", ""Social Isolation""]"
STU_016,1,6.42,7.45,3.46,30.7,6.06,2.89,8.39,4.14,5.96,Terrified about campus placement interviews and job application rejections.,80.91,Severe,Performance,Sudden Escalation,"[""Exam & Performance Anxiety""]"
STU_016,2,6.26,7.44,3.46,30.7,5.51,2.78,7.53,4.49,5.69,Feeling inadequate compared to my peers during coding competitive tests.,76.8,High,Performance,Sudden Escalation,"[""Exam & Performance Anxiety""]"
STU_016,3,6.39,7.49,3.46,30.7,5.39,2.56,8.02,4.29,9.03,Constant pressure to perform well and keep up high GPA expectations.,73.48,High,Performance,Sudden Escalation,"[""Exam & Performance Anxiety""]"
STU_016,4,6.77,8.0,3.46,30.7,5.64,2.21,7.72,4.41,5.02,Constant pressure to perform well and keep up high GPA expectations.,72.04,High,Performance,Sudden Escalation,"[""Exam & Performance Anxiety""]"
STU_016,5,6.7,7.56,3.46,30.7,5.21,2.34,6.73,4.81,6.24,Constant pressure to perform well and keep up high GPA expectations.,70.25,High,Performance,Sudden Escalation,"[""Exam & Performance Anxiety""]"
STU_016,6,6.68,7.71,3.46,30.7,5.92,2.35,8.46,4.12,5.49,Constant pressure to perform well and keep up high GPA expectations.,76.76,High,Performance,Sudden Escalation,"[""Exam & Performance Anxiety""]"
STU_016,7,6.31,7.71,3.46,30.7,6.12,2.32,7.05,4.68,5.21,Feeling inadequate compared to my peers during coding competitive tests.,76.2,High,Performance,Sudden Escalation,"[""Exam & Performance Anxiety""]"
STU_017,1,7.78,4.7,5.99,36.4,8.99,1.38,6.57,5.83,5.16,Missing home and feeling lonely during weekends in the college dormitory.,77.29,High,Social,Decreasing,"[""Heavy Academic Workload"", ""Exam & Performance Anxiety"", ""Social Isolation""]"
STU_017,2,7.78,4.7,5.99,36.4,8.99,0.89,6.87,5.53,8.65,Missing home and feeling lonely during weekends in the college dormitory.,78.68,High,Social,Decreasing,"[""Heavy Academic Workload"", ""Exam & Performance Anxiety"", ""Social Isolation""]"
STU_017,3,7.78,4.7,5.99,36.4,8.99,0.72,6.97,5.43,4.52,Difficulty balancing group project communication and team dynamics.,78.69,High,Social,Decreasing,"[""Heavy Academic Workload"", ""Exam & Performance Anxiety"", ""Social Isolation""]"
STU_017,4,7.78,4.7,5.99,36.4,8.99,0.88,6.87,5.53,7.58,Difficulty balancing group project communication and team dynamics.,76.73,High,Social,Decreasing,"[""Heavy Academic Workload"", ""Exam & Performance Anxiety"", ""Social Isolation""]"
STU_017,5,7.78,4.7,5.99,36.4,8.99,0.85,6.89,5.51,6.22,Had a conflict with roommate and feeling socially strained.,78.92,High,Social,Decreasing,"[""Heavy Academic Workload"", ""Exam & Performance Anxiety"", ""Social Isolation""]"
STU_017,6,7.78,4.7,5.99,36.4,8.99,1.47,6.52,5.88,8.65,Missing home and feeling lonely during weekends in the college dormitory.,76.64,High,Social,Decreasing,"[""Heavy Academic Workload"", ""Exam & Performance Anxiety"", ""Social Isolation""]"
STU_017,7,7.78,4.7,5.99,36.4,8.99,0.8,6.92,5.48,3.1,Difficulty balancing group project communication and team dynamics.,79.48,High,Social,Decreasing,"[""Heavy Academic Workload"", ""Exam & Performance Anxiety"", ""Social Isolation""]"
STU_018,1,7.59,9.94,3.37,50.2,5.19,2.32,7.57,4.47,8.67,Feeling inadequate compared to my peers during coding competitive tests.,67.03,High,Performance,Sudden Escalation,"[""Exam & Performance Anxiety""]"
STU_018,2,7.41,9.92,3.37,50.2,4.83,2.07,8.49,4.1,9.36,Feeling inadequate compared to my peers during coding competitive tests.,69.63,High,Performance,Sudden Escalation,"[""Exam & Performance Anxiety""]"
STU_018,3,7.72,10.88,3.37,50.2,5.55,2.83,7.1,4.66,8.17,Worried about my upcoming seminar presentation in front of professors.,59.6,Moderate,Performance,Sudden Escalation,"[""Exam & Performance Anxiety""]"
STU_018,4,7.7,10.38,3.37,50.2,5.08,2.46,7.63,4.45,4.14,Constant pressure to perform well and keep up high GPA expectations.,65.27,High,Performance,Sudden Escalation,"[""Exam & Performance Anxiety""]"
STU_018,5,7.37,10.39,3.37,50.2,5.4,2.5,7.67,4.43,5.99,Worried about my upcoming seminar presentation in front of professors.,64.74,High,Performance,Sudden Escalation,"[""Exam & Performance Anxiety""]"
STU_018,6,7.5,11.0,3.37,50.2,5.46,2.71,7.59,4.46,9.42,Worried about my upcoming seminar presentation in front of professors.,62.85,High,Performance,Sudden Escalation,"[""Exam & Performance Anxiety""]"
STU_018,7,7.37,11.0,3.37,50.2,5.09,2.54,7.1,4.66,3.69,Feeling inadequate compared to my peers during coding competitive tests.,65.54,High,Performance,Sudden Escalation,"[""Exam & Performance Anxiety""]"
STU_019,1,4.07,8.96,9.03,48.5,7.19,2.1,7.47,3.66,8.41,Screen usage late at night is ruining my sleep quality.,95.53,Severe,Sleep-related,Decreasing,"[""Sleep Deprivation"", ""Heavy Academic Workload"", ""Exam & Performance Anxiety"", ""Excessive Screen Time""]"
STU_019,2,4.55,8.96,9.16,41.0,6.68,2.1,7.22,4.1,7.04,Disrupted sleep schedule and constant headaches throughout the morning.,88.25,Severe,Sleep-related,Decreasing,"[""Sleep Deprivation"", ""Heavy Academic Workload"", ""Exam & Performance Anxiety"", ""Excessive Screen Time""]"
STU_019,3,4.48,8.96,9.08,40.6,7.11,2.1,7.26,4.03,5.01,Insomnia is killing me. Only slept 3 hours last night and feel exhausted.,93.05,Severe,Sleep-related,Decreasing,"[""Sleep Deprivation"", ""Heavy Academic Workload"", ""Exam & Performance Anxiety"", ""Excessive Screen Time""]"
STU_019,4,4.39,8.96,8.87,48.1,7.18,2.1,7.3,3.95,4.14,Screen usage late at night is ruining my sleep quality.,90.79,Severe,Sleep-related,Decreasing,"[""Sleep Deprivation"", ""Heavy Academic Workload"", ""Exam & Performance Anxiety"", ""Excessive Screen Time""]"
STU_019,5,4.23,8.96,8.81,43.7,7.42,2.1,7.38,3.81,4.67,Disrupted sleep schedule and constant headaches throughout the morning.,97.42,Severe,Sleep-related,Decreasing,"[""Sleep Deprivation"", ""Heavy Academic Workload"", ""Exam & Performance Anxiety"", ""Excessive Screen Time""]"
STU_019,6,5.07,8.96,8.72,41.5,7.26,2.1,6.96,4.57,6.04,Insomnia is killing me. Only slept 3 hours last night and feel exhausted.,86.4,Severe,Sleep-related,Decreasing,"[""Sleep Deprivation"", ""Heavy Academic Workload"", ""Exam & Performance Anxiety"", ""Excessive Screen Time""]"
STU_019,7,4.48,8.96,9.13,42.2,6.67,2.1,7.26,4.03,9.29,Screen usage late at night is ruining my sleep quality.,91.41,Severe,Sleep-related,Decreasing,"[""Sleep Deprivation"", ""Heavy Academic Workload"", ""Exam & Performance Anxiety"", ""Excessive Screen Time""]"
STU_020,1,4.86,5.37,5.82,15.6,5.21,1.29,6.63,5.77,3.7,Missing home and feeling lonely during weekends in the college dormitory.,77.79,High,Social,Decreasing,"[""Sleep Deprivation"", ""Exam & Performance Anxiety"", ""Low Physical Activity"", ""Social Isolation""]"
STU_020,2,4.86,5.37,5.82,15.6,5.21,1.31,6.61,5.79,8.95,Missing home and feeling lonely during weekends in the college dormitory.,75.54,High,Social,Decreasing,"[""Sleep Deprivation"", ""Exam & Performance Anxiety"", ""Low Physical Activity"", ""Social Isolation""]"
STU_020,3,4.86,5.37,5.82,15.6,5.21,1.32,6.61,5.79,8.91,Difficulty balancing group project communication and team dynamics.,75.72,High,Social,Decreasing,"[""Sleep Deprivation"", ""Exam & Performance Anxiety"", ""Low Physical Activity"", ""Social Isolation""]"
STU_020,4,4.86,5.37,5.82,15.6,5.21,1.26,6.65,5.75,3.29,Had a conflict with roommate and feeling socially strained.,78.1,High,Social,Decreasing,"[""Sleep Deprivation"", ""Exam & Performance Anxiety"", ""Low Physical Activity"", ""Social Isolation""]"
STU_020,5,4.86,5.37,5.82,15.6,5.21,1.47,6.52,5.88,3.63,Feeling isolated from my peer group and struggling with campus social life.,80.61,Severe,Social,Decreasing,"[""Sleep Deprivation"", ""Exam & Performance Anxiety"", ""Low Physical Activity"", ""Social Isolation""]"
STU_020,6,4.86,5.37,5.82,15.6,5.21,0.79,6.93,5.47,5.41,Difficulty balancing group project communication and team dynamics.,78.72,High,Social,Decreasing,"[""Sleep Deprivation"", ""Exam & Performance Anxiety"", ""Low Physical Activity"", ""Social Isolation""]"
STU_020,7,4.86,5.37,5.82,15.6,5.21,0.74,6.96,5.44,6.82,Difficulty balancing group project communication and team dynamics.,82.32,Severe,Social,Decreasing,"[""Sleep Deprivation"", ""Exam & Performance Anxiety"", ""Low Physical Activity"", ""Social Isolation""]"
STU_021,1,8.04,6.93,7.17,42.7,8.63,2.12,5.5,6.0,5.88,"Exhausted from constant workload, lack of sleep, and social fatigue.",70.53,High,Mixed,Increasing,"[""Heavy Academic Workload"", ""Excessive Screen Time""]"
STU_021,2,7.98,6.93,7.17,42.7,8.78,2.12,5.65,5.92,3.65,Feeling overwhelmed by academic deadlines and personal life stress.,73.67,High,Mixed,Increasing,"[""Heavy Academic Workload"", ""Excessive Screen Time""]"
STU_021,3,7.92,6.93,7.17,42.7,8.93,2.12,5.8,5.85,3.39,Feeling overwhelmed by academic deadlines and personal life stress.,73.67,High,Mixed,Increasing,"[""Heavy Academic Workload"", ""Excessive Screen Time""]"
STU_021,4,7.86,6.93,7.17,42.7,9.08,2.12,5.95,5.78,9.17,"Everything is building up at once - exams, poor sleep, and placement worries.",72.79,High,Mixed,Increasing,"[""Heavy Academic Workload"", ""Excessive Screen Time""]"
STU_021,5,7.8,6.93,7.17,42.7,9.23,2.12,6.1,5.7,7.31,"Everything is building up at once - exams, poor sleep, and placement worries.",77.66,High,Mixed,Increasing,"[""Heavy Academic Workload"", ""Exam & Performance Anxiety"", ""Excessive Screen Time""]"
STU_021,6,7.74,6.93,7.17,42.7,9.38,2.12,6.25,5.62,3.33,"Everything is building up at once - exams, poor sleep, and placement worries.",78.15,High,Mixed,Increasing,"[""Heavy Academic Workload"", ""Exam & Performance Anxiety"", ""Excessive Screen Time""]"
STU_021,7,7.68,6.93,7.17,42.7,9.53,2.12,6.4,5.55,8.12,"Exhausted from constant workload, lack of sleep, and social fatigue.",77.88,High,Mixed,Increasing,"[""Heavy Academic Workload"", ""Exam & Performance Anxiety"", ""Excessive Screen Time""]"
STU_022,1,7.45,8.22,5.93,51.6,5.39,2.61,8.48,4.11,3.71,Constant pressure to perform well and keep up high GPA expectations.,71.51,High,Performance,Stable,"[""Exam & Performance Anxiety""]"
STU_022,2,7.4,7.52,5.93,51.6,5.46,2.81,7.68,4.43,3.34,Worried about my upcoming seminar presentation in front of professors.,65.07,High,Performance,Stable,"[""Exam & Performance Anxiety""]"
STU_022,3,7.17,8.11,5.93,51.6,5.34,3.12,8.06,4.28,5.94,Terrified about campus placement interviews and job application rejections.,69.93,High,Performance,Stable,"[""Exam & Performance Anxiety""]"
STU_022,4,7.18,8.25,5.93,51.6,4.82,2.69,7.82,4.37,3.4,Terrified about campus placement interviews and job application rejections.,65.98,High,Performance,Stable,"[""Exam & Performance Anxiety""]"
STU_022,5,7.21,7.93,5.93,51.6,5.08,3.11,8.32,4.17,5.09,Terrified about campus placement interviews and job application rejections.,67.28,High,Performance,Stable,"[""Exam & Performance Anxiety""]"
STU_022,6,7.24,7.51,5.93,51.6,4.75,3.01,7.92,4.33,5.95,Worried about my upcoming seminar presentation in front of professors.,65.97,High,Performance,Stable,"[""Exam & Performance Anxiety""]"
STU_022,7,7.2,7.47,5.93,51.6,5.2,2.74,7.8,4.38,5.8,Constant pressure to perform well and keep up high GPA expectations.,70.11,High,Performance,Stable,"[""Exam & Performance Anxiety""]"
STU_023,1,5.1,6.95,5.08,19.3,6.13,3.09,8.16,4.23,7.84,Terrified about campus placement interviews and job application rejections.,84.59,Severe,Performance,Sudden Escalation,"[""Sleep Deprivation"", ""Exam & Performance Anxiety"", ""Low Physical Activity""]"
STU_023,2,5.62,6.92,5.08,19.3,6.13,2.2,7.62,4.45,5.3,Feeling inadequate compared to my peers during coding competitive tests.,84.35,Severe,Performance,Sudden Escalation,"[""Sleep Deprivation"", ""Exam & Performance Anxiety"", ""Low Physical Activity""]"
STU_023,3,5.13,7.85,5.08,19.3,6.43,2.44,8.44,4.13,3.67,Worried about my upcoming seminar presentation in front of professors.,90.66,Severe,Performance,Sudden Escalation,"[""Sleep Deprivation"", ""Exam & Performance Anxiety"", ""Low Physical Activity""]"
STU_023,4,5.37,6.95,5.08,19.3,6.27,2.31,7.2,4.62,7.96,Terrified about campus placement interviews and job application rejections.,83.31,Severe,Performance,Sudden Escalation,"[""Sleep Deprivation"", ""Exam & Performance Anxiety"", ""Low Physical Activity""]"
STU_023,5,5.15,7.93,5.08,19.3,6.33,2.19,8.14,4.25,6.96,Terrified about campus placement interviews and job application rejections.,89.27,Severe,Performance,Sudden Escalation,"[""Sleep Deprivation"", ""Exam & Performance Anxiety"", ""Low Physical Activity""]"
STU_023,6,5.64,7.76,5.08,19.3,6.42,2.89,8.02,4.29,3.04,Worried about my upcoming seminar presentation in front of professors.,87.9,Severe,Performance,Sudden Escalation,"[""Sleep Deprivation"", ""Exam & Performance Anxiety"", ""Low Physical Activity""]"
STU_023,7,5.42,7.57,5.08,19.3,6.63,3.02,7.77,4.39,5.45,Constant pressure to perform well and keep up high GPA expectations.,83.09,Severe,Performance,Sudden Escalation,"[""Sleep Deprivation"", ""Heavy Academic Workload"", ""Exam & Performance Anxiety"", ""Low Physical Activity""]"
STU_024,1,3.66,4.87,9.13,46.5,6.13,4.53,7.67,3.29,6.16,Screen usage late at night is ruining my sleep quality.,91.23,Severe,Sleep-related,Decreasing,"[""Sleep Deprivation"", ""Exam & Performance Anxiety"", ""Excessive Screen Time""]"
STU_024,2,4.09,4.87,8.41,46.2,6.83,4.53,7.45,3.68,7.41,"Waking up feeling tired despite sleeping late, unable to get restful sleep.",89.73,Severe,Sleep-related,Decreasing,"[""Sleep Deprivation"", ""Heavy Academic Workload"", ""Exam & Performance Anxiety"", ""Excessive Screen Time""]"
STU_024,3,4.39,4.87,8.79,45.2,6.39,4.53,7.3,3.95,3.05,Insomnia is killing me. Only slept 3 hours last night and feel exhausted.,89.18,Severe,Sleep-related,Decreasing,"[""Sleep Deprivation"", ""Exam & Performance Anxiety"", ""Excessive Screen Time""]"
STU_024,4,4.25,4.87,8.32,44.8,6.21,4.53,7.37,3.83,6.23,Insomnia is killing me. Only slept 3 hours last night and feel exhausted.,85.43,Severe,Sleep-related,Decreasing,"[""Sleep Deprivation"", ""Exam & Performance Anxiety"", ""Excessive Screen Time""]"
STU_024,5,4.53,4.87,8.19,45.1,6.61,4.53,7.23,4.08,3.47,"Waking up feeling tired despite sleeping late, unable to get restful sleep.",85.89,Severe,Sleep-related,Decreasing,"[""Sleep Deprivation"", ""Heavy Academic Workload"", ""Exam & Performance Anxiety"", ""Excessive Screen Time""]"
STU_024,6,5.11,4.87,8.06,38.2,6.1,4.53,6.94,4.6,6.73,Screen usage late at night is ruining my sleep quality.,81.64,Severe,Sleep-related,Decreasing,"[""Sleep Deprivation"", ""Exam & Performance Anxiety"", ""Excessive Screen Time""]"
STU_024,7,5.11,4.87,8.63,47.2,6.19,4.53,6.95,4.6,8.41,Screen usage late at night is ruining my sleep quality.,77.93,High,Sleep-related,Decreasing,"[""Sleep Deprivation"", ""Exam & Performance Anxiety"", ""Excessive Screen Time""]"
STU_025,1,5.0,7.0,7.75,17.8,7.5,1.11,8.75,3.44,6.45,"Running out of time to complete all my tasks today, constantly rushing.",98.0,Severe,Time-pressure,Stable,"[""Sleep Deprivation"", ""Heavy Academic Workload"", ""Exam & Performance Anxiety"", ""Excessive Screen Time"", ""Low Physical Activity"", ""Social Isolation""]"
STU_025,2,5.0,7.0,7.19,12.2,7.5,1.32,8.75,3.44,4.54,"Too many deadlines overlapping on the same day, feeling breathless.",98.0,Severe,Time-pressure,Stable,"[""Sleep Deprivation"", ""Heavy Academic Workload"", ""Exam & Performance Anxiety"", ""Excessive Screen Time"", ""Low Physical Activity"", ""Social Isolation""]"
STU_025,3,5.0,7.0,7.15,18.0,7.5,1.2,8.75,3.44,4.15,"Running out of time to complete all my tasks today, constantly rushing.",98.0,Severe,Time-pressure,Stable,"[""Sleep Deprivation"", ""Heavy Academic Workload"", ""Exam & Performance Anxiety"", ""Excessive Screen Time"", ""Low Physical Activity"", ""Social Isolation""]"
STU_025,4,5.0,7.0,7.77,15.1,7.5,1.12,8.75,3.44,7.43,"Juggling classes, projects, and personal commitments is overwhelming.",98.0,Severe,Time-pressure,Stable,"[""Sleep Deprivation"", ""Heavy Academic Workload"", ""Exam & Performance Anxiety"", ""Excessive Screen Time"", ""Low Physical Activity"", ""Social Isolation""]"
STU_025,5,5.0,7.0,7.88,13.6,7.5,1.01,8.75,3.44,3.98,Poor time management has left me pulling late nights to meet project milestones.,98.0,Severe,Time-pressure,Stable,"[""Sleep Deprivation"", ""Heavy Academic Workload"", ""Exam & Performance Anxiety"", ""Excessive Screen Time"", ""Low Physical Activity"", ""Social Isolation""]"
STU_025,6,5.0,7.0,7.07,15.6,7.5,1.35,8.75,3.44,5.29,"Running out of time to complete all my tasks today, constantly rushing.",98.0,Severe,Time-pressure,Stable,"[""Sleep Deprivation"", ""Heavy Academic Workload"", ""Exam & Performance Anxiety"", ""Excessive Screen Time"", ""Low Physical Activity"", ""Social Isolation""]"
STU_025,7,5.0,7.0,7.07,15.4,7.5,1.48,8.75,3.44,3.5,Poor time management has left me pulling late nights to meet project milestones.,98.0,Severe,Time-pressure,Stable,"[""Sleep Deprivation"", ""Heavy Academic Workload"", ""Exam & Performance Anxiety"", ""Excessive Screen Time"", ""Low Physical Activity"", ""Social Isolation""]"
STU_026,1,5.96,7.54,7.11,54.4,6.85,4.14,6.45,4.77,9.39,Can't focus on studying due to overwhelming course requirements and deadlines.,76.2,High,Academic,Sudden Escalation,"[""Sleep Deprivation"", ""Heavy Academic Workload"", ""Exam & Performance Anxiety"", ""Excessive Screen Time""]"
STU_026,2,5.76,6.88,7.67,40.4,6.28,3.72,6.28,4.86,5.42,Can't focus on studying due to overwhelming course requirements and deadlines.,75.31,High,Academic,Sudden Escalation,"[""Sleep Deprivation"", ""Exam & Performance Anxiety"", ""Excessive Screen Time""]"
STU_026,3,5.91,7.33,7.56,43.5,6.48,3.59,6.32,4.84,6.63,I have three major midterms coming up this week and I feel completely unprepared.,71.98,High,Academic,Sudden Escalation,"[""Sleep Deprivation"", ""Exam & Performance Anxiety"", ""Excessive Screen Time""]"
STU_026,4,6.0,8.1,7.92,46.3,6.58,4.09,6.33,4.83,8.96,Struggling with the heavy assignment load and complex programming projects.,71.41,High,Academic,Sudden Escalation,"[""Sleep Deprivation"", ""Heavy Academic Workload"", ""Exam & Performance Anxiety"", ""Excessive Screen Time""]"
STU_026,5,5.01,7.82,7.09,44.7,8.01,4.15,7.2,4.4,8.29,Can't focus on studying due to overwhelming course requirements and deadlines.,88.04,Severe,Academic,Sudden Escalation,"[""Sleep Deprivation"", ""Heavy Academic Workload"", ""Exam & Performance Anxiety"", ""Excessive Screen Time""]"
STU_026,6,4.9,7.93,7.64,47.4,8.37,3.59,7.38,4.31,3.12,Can't focus on studying due to overwhelming course requirements and deadlines.,90.68,Severe,Academic,Sudden Escalation,"[""Sleep Deprivation"", ""Heavy Academic Workload"", ""Exam & Performance Anxiety"", ""Excessive Screen Time""]"
STU_026,7,4.83,7.34,7.73,52.4,8.01,3.24,7.25,4.37,8.49,Can't focus on studying due to overwhelming course requirements and deadlines.,87.11,Severe,Academic,Sudden Escalation,"[""Sleep Deprivation"", ""Heavy Academic Workload"", ""Exam & Performance Anxiety"", ""Excessive Screen Time""]"
STU_027,1,6.57,10.11,6.81,41.2,5.12,1.36,5.58,5.21,6.97,Extremely anxious about upcoming lab exams and pending submissions.,66.33,High,Academic,Stable,"[""Social Isolation""]"
STU_027,2,6.48,9.11,6.33,27.4,5.18,0.94,5.63,5.19,5.39,Struggling with the heavy assignment load and complex programming projects.,70.55,High,Academic,Stable,"[""Social Isolation""]"
STU_027,3,6.36,9.45,6.37,36.1,5.37,1.2,5.74,5.13,8.21,Struggling with the heavy assignment load and complex programming projects.,71.2,High,Academic,Stable,"[""Social Isolation""]"
STU_027,4,6.8,9.72,6.96,33.6,4.56,1.62,5.29,5.36,4.85,I have three major midterms coming up this week and I feel completely unprepared.,63.44,High,Academic,Stable,"[""Social Isolation""]"
STU_027,5,6.78,10.12,6.24,35.3,5.19,0.78,5.54,5.23,8.75,Extremely anxious about upcoming lab exams and pending submissions.,63.64,High,Academic,Stable,"[""Social Isolation""]"
STU_027,6,6.7,9.35,6.46,36.1,5.36,1.64,5.63,5.18,9.05,Can't focus on studying due to overwhelming course requirements and deadlines.,64.17,High,Academic,Stable,"[""Social Isolation""]"
STU_027,7,6.56,9.95,6.23,37.6,5.26,0.89,5.64,5.18,7.93,Struggling with the heavy assignment load and complex programming projects.,67.78,High,Academic,Stable,"[""Social Isolation""]"
STU_028,1,4.11,8.44,8.63,12.3,4.17,4.76,7.45,3.7,5.73,Disrupted sleep schedule and constant headaches throughout the morning.,82.09,Severe,Sleep-related,Sudden Escalation,"[""Sleep Deprivation"", ""Exam & Performance Anxiety"", ""Excessive Screen Time"", ""Low Physical Activity""]"
STU_028,2,4.29,8.44,8.69,5.7,3.51,4.76,7.35,3.86,7.11,Insomnia is killing me. Only slept 3 hours last night and feel exhausted.,81.75,Severe,Sleep-related,Sudden Escalation,"[""Sleep Deprivation"", ""Exam & Performance Anxiety"", ""Excessive Screen Time"", ""Low Physical Activity""]"
STU_028,3,4.08,8.44,9.08,14.7,3.69,4.76,7.46,3.67,4.22,Screen usage late at night is ruining my sleep quality.,81.83,Severe,Sleep-related,Sudden Escalation,"[""Sleep Deprivation"", ""Exam & Performance Anxiety"", ""Excessive Screen Time"", ""Low Physical Activity""]"
STU_028,4,4.17,8.44,8.79,5.2,3.76,4.76,7.42,3.75,5.54,Insomnia is killing me. Only slept 3 hours last night and feel exhausted.,83.66,Severe,Sleep-related,Sudden Escalation,"[""Sleep Deprivation"", ""Exam & Performance Anxiety"", ""Excessive Screen Time"", ""Low Physical Activity""]"
STU_028,5,2.5,8.44,8.95,12.2,4.38,4.76,8.25,2.25,5.24,Insomnia is killing me. Only slept 3 hours last night and feel exhausted.,96.23,Severe,Sleep-related,Sudden Escalation,"[""Sleep Deprivation"", ""Exam & Performance Anxiety"", ""Excessive Screen Time"", ""Low Physical Activity""]"
STU_028,6,2.73,8.44,8.94,7.4,4.17,4.76,8.13,2.46,5.29,Insomnia is killing me. Only slept 3 hours last night and feel exhausted.,96.03,Severe,Sleep-related,Sudden Escalation,"[""Sleep Deprivation"", ""Exam & Performance Anxiety"", ""Excessive Screen Time"", ""Low Physical Activity""]"
STU_028,7,2.5,8.44,8.96,7.9,4.23,4.76,8.25,2.25,7.11,Screen usage late at night is ruining my sleep quality.,98.0,Severe,Sleep-related,Sudden Escalation,"[""Sleep Deprivation"", ""Exam & Performance Anxiety"", ""Excessive Screen Time"", ""Low Physical Activity""]"
STU_029,1,6.93,10.13,3.18,24.1,8.26,3.23,7.45,4.52,4.86,Constant pressure to perform well and keep up high GPA expectations.,78.93,High,Performance,Stable,"[""Heavy Academic Workload"", ""Exam & Performance Anxiety""]"
STU_029,2,6.77,9.73,3.18,24.1,8.81,3.77,8.1,4.26,7.83,Feeling inadequate compared to my peers during coding competitive tests.,86.5,Severe,Performance,Stable,"[""Heavy Academic Workload"", ""Exam & Performance Anxiety""]"
STU_029,3,6.58,10.24,3.18,24.1,8.84,3.55,7.5,4.5,8.21,Worried about my upcoming seminar presentation in front of professors.,87.96,Severe,Performance,Stable,"[""Heavy Academic Workload"", ""Exam & Performance Anxiety""]"
STU_029,4,6.8,9.78,3.18,24.1,8.67,3.22,7.59,4.46,5.13,Terrified about campus placement interviews and job application rejections.,83.49,Severe,Performance,Stable,"[""Heavy Academic Workload"", ""Exam & Performance Anxiety""]"
STU_029,5,6.73,10.33,3.18,24.1,8.24,3.88,7.39,4.54,7.0,Worried about my upcoming seminar presentation in front of professors.,81.13,Severe,Performance,Stable,"[""Heavy Academic Workload"", ""Exam & Performance Anxiety""]"
STU_029,6,6.69,10.62,3.18,24.1,8.38,3.99,7.84,4.36,9.19,Constant pressure to perform well and keep up high GPA expectations.,83.56,Severe,Performance,Stable,"[""Heavy Academic Workload"", ""Exam & Performance Anxiety""]"
STU_029,7,6.7,10.57,3.18,24.1,8.09,4.01,6.63,4.85,5.35,Worried about my upcoming seminar presentation in front of professors.,79.13,High,Performance,Stable,"[""Heavy Academic Workload"", ""Exam & Performance Anxiety""]"
STU_030,1,6.92,7.07,9.24,26.7,7.58,1.08,6.75,5.65,4.62,Missing home and feeling lonely during weekends in the college dormitory.,80.18,Severe,Social,Stable,"[""Heavy Academic Workload"", ""Exam & Performance Anxiety"", ""Excessive Screen Time"", ""Social Isolation""]"
STU_030,2,6.92,7.07,9.24,26.7,7.58,1.41,6.55,5.85,6.37,Difficulty balancing group project communication and team dynamics.,80.61,Severe,Social,Stable,"[""Heavy Academic Workload"", ""Exam & Performance Anxiety"", ""Excessive Screen Time"", ""Social Isolation""]"
STU_030,3,6.92,7.07,9.24,26.7,7.58,0.77,6.94,5.46,7.58,Missing home and feeling lonely during weekends in the college dormitory.,79.97,High,Social,Stable,"[""Heavy Academic Workload"", ""Exam & Performance Anxiety"", ""Excessive Screen Time"", ""Social Isolation""]"
STU_030,4,6.92,7.07,9.24,26.7,7.58,1.33,6.6,5.8,4.3,Difficulty balancing group project communication and team dynamics.,80.25,Severe,Social,Stable,"[""Heavy Academic Workload"", ""Exam & Performance Anxiety"", ""Excessive Screen Time"", ""Social Isolation""]"
STU_030,5,6.92,7.07,9.24,26.7,7.58,1.39,6.57,5.83,8.84,Had a conflict with roommate and feeling socially strained.,76.72,High,Social,Stable,"[""Heavy Academic Workload"", ""Exam & Performance Anxiety"", ""Excessive Screen Time"", ""Social Isolation""]"
STU_030,6,6.92,7.07,9.24,26.7,7.58,1.14,6.71,5.69,7.34,Missing home and feeling lonely during weekends in the college dormitory.,77.99,High,Social,Stable,"[""Heavy Academic Workload"", ""Exam & Performance Anxiety"", ""Excessive Screen Time"", ""Social Isolation""]"
STU_030,7,6.92,7.07,9.24,26.7,7.58,0.93,6.84,5.56,8.79,Missing home and feeling lonely during weekends in the college dormitory.,81.78,Severe,Social,Stable,"[""Heavy Academic Workload"", ""Exam & Performance Anxiety"", ""Excessive Screen Time"", ""Social Isolation""]"
STU_031,1,7.25,7.88,3.61,24.0,4.06,2.86,7.6,4.46,3.43,Terrified about campus placement interviews and job application rejections.,65.58,High,Performance,Increasing,"[""Exam & Performance Anxiety""]"
STU_031,2,7.19,8.13,3.61,24.0,4.43,3.25,7.32,4.57,9.32,Constant pressure to perform well and keep up high GPA expectations.,65.39,High,Performance,Increasing,"[""Exam & Performance Anxiety""]"
STU_031,3,7.07,7.73,3.61,24.0,4.68,3.32,8.26,4.2,7.99,Constant pressure to perform well and keep up high GPA expectations.,72.28,High,Performance,Increasing,"[""Exam & Performance Anxiety""]"
STU_031,4,6.95,7.81,3.61,24.0,4.16,2.83,7.54,4.49,5.1,Constant pressure to perform well and keep up high GPA expectations.,65.23,High,Performance,Increasing,"[""Exam & Performance Anxiety""]"
STU_031,5,6.91,7.57,3.61,24.0,4.74,2.77,8.19,4.22,3.81,Worried about my upcoming seminar presentation in front of professors.,70.45,High,Performance,Increasing,"[""Exam & Performance Anxiety""]"
STU_031,6,7.17,7.85,3.61,24.0,4.34,3.49,8.38,4.15,8.48,Worried about my upcoming seminar presentation in front of professors.,67.05,High,Performance,Increasing,"[""Exam & Performance Anxiety""]"
STU_031,7,7.46,8.29,3.61,24.0,4.6,3.62,7.78,4.39,7.99,Constant pressure to perform well and keep up high GPA expectations.,66.5,High,Performance,Increasing,"[""Exam & Performance Anxiety""]"
STU_032,1,4.18,6.76,8.45,47.5,5.47,4.22,7.41,3.77,6.02,Screen usage late at night is ruining my sleep quality.,83.77,Severe,Sleep-related,Stable,"[""Sleep Deprivation"", ""Exam & Performance Anxiety"", ""Excessive Screen Time""]"
STU_032,2,3.84,6.76,8.22,44.9,6.26,4.22,7.58,3.46,9.34,"Waking up feeling tired despite sleeping late, unable to get restful sleep.",93.35,Severe,Sleep-related,Stable,"[""Sleep Deprivation"", ""Exam & Performance Anxiety"", ""Excessive Screen Time""]"
STU_032,3,3.63,6.76,8.56,44.9,5.96,4.22,7.68,3.27,5.92,"Waking up feeling tired despite sleeping late, unable to get restful sleep.",91.08,Severe,Sleep-related,Stable,"[""Sleep Deprivation"", ""Exam & Performance Anxiety"", ""Excessive Screen Time""]"
STU_032,4,3.64,6.76,8.08,39.4,6.34,4.22,7.68,3.28,8.29,Disrupted sleep schedule and constant headaches throughout the morning.,92.67,Severe,Sleep-related,Stable,"[""Sleep Deprivation"", ""Exam & Performance Anxiety"", ""Excessive Screen Time""]"
STU_032,5,4.43,6.76,9.08,46.5,5.59,4.22,7.28,3.99,6.24,Screen usage late at night is ruining my sleep quality.,86.12,Severe,Sleep-related,Stable,"[""Sleep Deprivation"", ""Exam & Performance Anxiety"", ""Excessive Screen Time""]"
STU_032,6,3.81,6.76,8.03,43.0,6.34,4.22,7.6,3.43,6.79,Disrupted sleep schedule and constant headaches throughout the morning.,93.97,Severe,Sleep-related,Stable,"[""Sleep Deprivation"", ""Exam & Performance Anxiety"", ""Excessive Screen Time""]"
STU_032,7,3.55,6.76,8.42,39.6,6.0,4.22,7.73,3.19,6.49,"Waking up feeling tired despite sleeping late, unable to get restful sleep.",93.83,Severe,Sleep-related,Stable,"[""Sleep Deprivation"", ""Exam & Performance Anxiety"", ""Excessive Screen Time""]"
STU_033,1,4.62,5.52,5.22,26.4,4.33,0.65,5.85,5.08,3.84,I have three major midterms coming up this week and I feel completely unprepared.,75.71,High,Academic,Sudden Escalation,"[""Sleep Deprivation"", ""Social Isolation""]"
STU_033,2,4.61,6.57,5.39,27.7,3.87,1.06,5.66,5.17,6.25,Extremely anxious about upcoming lab exams and pending submissions.,71.12,High,Academic,Sudden Escalation,"[""Sleep Deprivation"", ""Social Isolation""]"
STU_033,3,4.75,5.59,5.3,26.3,3.82,0.6,5.6,5.2,9.05,Can't focus on studying due to overwhelming course requirements and deadlines.,70.15,High,Academic,Sudden Escalation,"[""Sleep Deprivation"", ""Social Isolation""]"
STU_033,4,4.6,6.01,5.67,24.2,4.09,0.7,5.76,5.12,7.61,Extremely anxious about upcoming lab exams and pending submissions.,73.12,High,Academic,Sudden Escalation,"[""Sleep Deprivation"", ""Social Isolation""]"
STU_033,5,3.6,5.64,5.5,18.4,5.57,0.62,6.65,4.68,6.88,I have three major midterms coming up this week and I feel completely unprepared.,90.36,Severe,Academic,Sudden Escalation,"[""Sleep Deprivation"", ""Exam & Performance Anxiety"", ""Low Physical Activity"", ""Social Isolation""]"
STU_033,6,3.69,6.54,5.41,29.7,5.54,1.15,6.61,4.7,3.96,Extremely anxious about upcoming lab exams and pending submissions.,85.28,Severe,Academic,Sudden Escalation,"[""Sleep Deprivation"", ""Exam & Performance Anxiety"", ""Social Isolation""]"
STU_033,7,4.07,6.51,4.94,32.9,5.95,0.89,6.66,4.67,5.67,Struggling with the heavy assignment load and complex programming projects.,83.01,Severe,Academic,Sudden Escalation,"[""Sleep Deprivation"", ""Exam & Performance Anxiety"", ""Social Isolation""]"
STU_034,1,7.99,7.42,5.0,16.2,4.24,0.97,6.82,5.58,9.22,Missing home and feeling lonely during weekends in the college dormitory.,61.48,High,Social,Sudden Escalation,"[""Exam & Performance Anxiety"", ""Low Physical Activity"", ""Social Isolation""]"
STU_034,2,7.99,7.42,5.0,16.2,4.24,1.13,6.72,5.68,7.39,Missing home and feeling lonely during weekends in the college dormitory.,60.75,High,Social,Sudden Escalation,"[""Exam & Performance Anxiety"", ""Low Physical Activity"", ""Social Isolation""]"
STU_034,3,7.99,7.42,5.0,16.2,4.24,0.81,6.92,5.48,6.97,Missing home and feeling lonely during weekends in the college dormitory.,63.2,High,Social,Sudden Escalation,"[""Exam & Performance Anxiety"", ""Low Physical Activity"", ""Social Isolation""]"
STU_034,4,7.99,7.42,5.0,16.2,4.24,1.35,6.59,5.81,4.46,Missing home and feeling lonely during weekends in the college dormitory.,58.0,Moderate,Social,Sudden Escalation,"[""Exam & Performance Anxiety"", ""Low Physical Activity"", ""Social Isolation""]"
STU_034,5,7.99,7.42,5.0,16.2,4.24,0.72,6.97,5.43,7.58,Missing home and feeling lonely during weekends in the college dormitory.,61.31,High,Social,Sudden Escalation,"[""Exam & Performance Anxiety"", ""Low Physical Activity"", ""Social Isolation""]"
STU_034,6,7.99,7.42,5.0,16.2,4.24,0.95,6.83,5.57,5.27,Difficulty balancing group project communication and team dynamics.,61.37,High,Social,Sudden Escalation,"[""Exam & Performance Anxiety"", ""Low Physical Activity"", ""Social Isolation""]"
STU_034,7,7.99,7.42,5.0,16.2,4.24,0.75,6.95,5.45,4.87,Missing home and feeling lonely during weekends in the college dormitory.,64.14,High,Social,Sudden Escalation,"[""Exam & Performance Anxiety"", ""Low Physical Activity"", ""Social Isolation""]"
STU_035,1,8.08,5.37,6.23,44.8,3.88,0.74,6.96,5.44,7.26,Difficulty balancing group project communication and team dynamics.,54.75,Moderate,Social,Sudden Escalation,"[""Exam & Performance Anxiety"", ""Social Isolation""]"
STU_035,2,8.08,5.37,6.23,44.8,3.88,0.9,6.86,5.54,9.06,Missing home and feeling lonely during weekends in the college dormitory.,54.76,Moderate,Social,Sudden Escalation,"[""Exam & Performance Anxiety"", ""Social Isolation""]"
STU_035,3,8.08,5.37,6.23,44.8,3.88,0.94,6.83,5.57,4.58,Had a conflict with roommate and feeling socially strained.,54.1,Moderate,Social,Sudden Escalation,"[""Exam & Performance Anxiety"", ""Social Isolation""]"
STU_035,4,8.08,5.37,6.23,44.8,3.88,0.96,6.82,5.58,3.34,Had a conflict with roommate and feeling socially strained.,56.36,Moderate,Social,Sudden Escalation,"[""Exam & Performance Anxiety"", ""Social Isolation""]"
STU_035,5,8.08,5.37,6.23,44.8,3.88,1.17,6.7,5.7,7.43,Feeling isolated from my peer group and struggling with campus social life.,56.5,Moderate,Social,Sudden Escalation,"[""Exam & Performance Anxiety"", ""Social Isolation""]"
STU_035,6,8.08,5.37,6.23,44.8,3.88,1.39,6.57,5.83,5.64,Had a conflict with roommate and feeling socially strained.,56.92,Moderate,Social,Sudden Escalation,"[""Exam & Performance Anxiety"", ""Social Isolation""]"
STU_035,7,8.08,5.37,6.23,44.8,3.88,0.75,6.95,5.45,7.23,Difficulty balancing group project communication and team dynamics.,59.47,Moderate,Social,Sudden Escalation,"[""Exam & Performance Anxiety"", ""Social Isolation""]"
STU_036,1,5.0,7.0,7.85,19.6,7.5,1.04,8.75,3.44,9.07,"Too many deadlines overlapping on the same day, feeling breathless.",98.0,Severe,Time-pressure,Decreasing,"[""Sleep Deprivation"", ""Heavy Academic Workload"", ""Exam & Performance Anxiety"", ""Excessive Screen Time"", ""Low Physical Activity"", ""Social Isolation""]"
STU_036,2,5.04,7.0,7.04,11.6,7.35,1.11,8.71,3.45,8.7,Poor time management has left me pulling late nights to meet project milestones.,98.0,Severe,Time-pressure,Decreasing,"[""Sleep Deprivation"", ""Heavy Academic Workload"", ""Exam & Performance Anxiety"", ""Excessive Screen Time"", ""Low Physical Activity"", ""Social Isolation""]"
STU_036,3,5.09,7.0,7.01,14.3,7.2,1.45,8.66,3.47,5.95,Poor time management has left me pulling late nights to meet project milestones.,98.0,Severe,Time-pressure,Decreasing,"[""Sleep Deprivation"", ""Heavy Academic Workload"", ""Exam & Performance Anxiety"", ""Excessive Screen Time"", ""Low Physical Activity"", ""Social Isolation""]"
STU_036,4,5.13,7.0,7.64,14.8,7.05,1.06,8.62,3.48,4.77,"Juggling classes, projects, and personal commitments is overwhelming.",96.97,Severe,Time-pressure,Decreasing,"[""Sleep Deprivation"", ""Heavy Academic Workload"", ""Exam & Performance Anxiety"", ""Excessive Screen Time"", ""Low Physical Activity"", ""Social Isolation""]"
STU_036,5,5.18,7.0,7.81,16.7,6.9,1.13,8.57,3.5,3.09,"Too many deadlines overlapping on the same day, feeling breathless.",98.0,Severe,Time-pressure,Decreasing,"[""Sleep Deprivation"", ""Heavy Academic Workload"", ""Exam & Performance Anxiety"", ""Excessive Screen Time"", ""Low Physical Activity"", ""Social Isolation""]"
STU_036,6,5.22,7.0,7.34,17.0,6.75,1.16,8.53,3.52,8.38,"Juggling classes, projects, and personal commitments is overwhelming.",94.61,Severe,Time-pressure,Decreasing,"[""Sleep Deprivation"", ""Heavy Academic Workload"", ""Exam & Performance Anxiety"", ""Excessive Screen Time"", ""Low Physical Activity"", ""Social Isolation""]"
STU_036,7,5.27,7.0,7.52,19.1,6.6,1.17,8.48,3.53,6.1,"Too many deadlines overlapping on the same day, feeling breathless.",93.39,Severe,Time-pressure,Decreasing,"[""Sleep Deprivation"", ""Heavy Academic Workload"", ""Exam & Performance Anxiety"", ""Excessive Screen Time"", ""Low Physical Activity"", ""Social Isolation""]"
STU_037,1,4.93,6.39,6.77,57.9,5.02,3.33,6.74,4.81,7.46,Feeling inadequate compared to my peers during coding competitive tests.,71.05,High,Performance,Stable,"[""Sleep Deprivation"", ""Exam & Performance Anxiety""]"
STU_037,2,4.88,6.74,6.77,57.9,5.93,2.7,7.78,4.39,7.0,Worried about my upcoming seminar presentation in front of professors.,84.15,Severe,Performance,Stable,"[""Sleep Deprivation"", ""Exam & Performance Anxiety""]"
STU_037,3,5.25,5.61,6.77,57.9,5.23,2.64,7.71,4.42,7.92,Feeling inadequate compared to my peers during coding competitive tests.,76.29,High,Performance,Stable,"[""Sleep Deprivation"", ""Exam & Performance Anxiety""]"
STU_037,4,4.89,6.65,6.77,57.9,5.81,2.71,7.69,4.42,6.43,Feeling inadequate compared to my peers during coding competitive tests.,82.33,Severe,Performance,Stable,"[""Sleep Deprivation"", ""Exam & Performance Anxiety""]"
STU_037,5,5.28,6.79,6.77,57.9,5.37,2.56,8.31,4.18,4.07,Constant pressure to perform well and keep up high GPA expectations.,78.24,High,Performance,Stable,"[""Sleep Deprivation"", ""Exam & Performance Anxiety""]"
STU_037,6,4.93,6.08,6.77,57.9,5.87,2.67,7.48,4.51,8.26,Feeling inadequate compared to my peers during coding competitive tests.,82.07,Severe,Performance,Stable,"[""Sleep Deprivation"", ""Exam & Performance Anxiety""]"
STU_037,7,5.07,6.18,6.77,57.9,5.47,3.33,7.42,4.53,5.57,Terrified about campus placement interviews and job application rejections.,78.28,High,Performance,Stable,"[""Sleep Deprivation"", ""Exam & Performance Anxiety""]"
STU_038,1,6.05,3.82,5.13,6.3,9.53,3.97,7.5,4.25,5.43,Extremely anxious about upcoming lab exams and pending submissions.,97.77,Severe,Academic,Increasing,"[""Heavy Academic Workload"", ""Exam & Performance Anxiety"", ""Low Physical Activity""]"
STU_038,2,6.27,5.15,5.1,16.7,10.0,3.77,7.62,4.19,7.25,Struggling with the heavy assignment load and complex programming projects.,97.28,Severe,Academic,Increasing,"[""Heavy Academic Workload"", ""Exam & Performance Anxiety"", ""Low Physical Activity""]"
STU_038,3,6.36,4.58,5.25,7.0,10.0,4.52,7.59,4.2,9.36,I have three major midterms coming up this week and I feel completely unprepared.,92.23,Severe,Academic,Increasing,"[""Heavy Academic Workload"", ""Exam & Performance Anxiety"", ""Low Physical Activity""]"
STU_038,4,5.96,4.41,5.1,14.4,10.0,4.28,7.71,4.14,9.09,Struggling with the heavy assignment load and complex programming projects.,94.55,Severe,Academic,Increasing,"[""Sleep Deprivation"", ""Heavy Academic Workload"", ""Exam & Performance Anxiety"", ""Low Physical Activity""]"
STU_038,5,6.25,4.99,5.14,6.4,10.0,3.85,7.63,4.19,3.44,Struggling with the heavy assignment load and complex programming projects.,93.75,Severe,Academic,Increasing,"[""Heavy Academic Workload"", ""Exam & Performance Anxiety"", ""Low Physical Activity""]"
STU_038,6,5.97,4.78,5.59,14.2,10.0,4.69,7.71,4.15,7.9,Struggling with the heavy assignment load and complex programming projects.,96.1,Severe,Academic,Increasing,"[""Sleep Deprivation"", ""Heavy Academic Workload"", ""Exam & Performance Anxiety"", ""Low Physical Activity""]"
STU_038,7,6.08,5.26,4.96,5.0,10.0,4.16,7.68,4.16,4.54,Can't focus on studying due to overwhelming course requirements and deadlines.,97.79,Severe,Academic,Increasing,"[""Heavy Academic Workload"", ""Exam & Performance Anxiety"", ""Low Physical Activity""]"
STU_039,1,5.93,6.48,5.78,41.6,8.29,0.86,7.79,4.39,7.53,Worried about my upcoming seminar presentation in front of professors.,89.43,Severe,Performance,Increasing,"[""Sleep Deprivation"", ""Heavy Academic Workload"", ""Exam & Performance Anxiety"", ""Social Isolation""]"
STU_039,2,5.84,6.1,5.78,41.6,8.02,0.66,6.98,4.71,8.24,Constant pressure to perform well and keep up high GPA expectations.,84.39,Severe,Performance,Increasing,"[""Sleep Deprivation"", ""Heavy Academic Workload"", ""Exam & Performance Anxiety"", ""Social Isolation""]"
STU_039,3,5.37,6.49,5.78,41.6,8.53,0.64,6.77,4.79,5.15,Constant pressure to perform well and keep up high GPA expectations.,87.7,Severe,Performance,Increasing,"[""Sleep Deprivation"", ""Heavy Academic Workload"", ""Exam & Performance Anxiety"", ""Social Isolation""]"
STU_039,4,5.73,6.33,5.78,41.6,7.69,0.66,8.16,4.24,7.38,Feeling inadequate compared to my peers during coding competitive tests.,87.83,Severe,Performance,Increasing,"[""Sleep Deprivation"", ""Heavy Academic Workload"", ""Exam & Performance Anxiety"", ""Social Isolation""]"
STU_039,5,5.84,6.96,5.78,41.6,8.21,0.5,7.95,4.32,4.36,Feeling inadequate compared to my peers during coding competitive tests.,91.73,Severe,Performance,Increasing,"[""Sleep Deprivation"", ""Heavy Academic Workload"", ""Exam & Performance Anxiety"", ""Social Isolation""]"
STU_039,6,5.41,6.11,5.78,41.6,8.52,0.99,6.88,4.75,8.94,Feeling inadequate compared to my peers during coding competitive tests.,90.59,Severe,Performance,Increasing,"[""Sleep Deprivation"", ""Heavy Academic Workload"", ""Exam & Performance Anxiety"", ""Social Isolation""]"
STU_039,7,5.72,6.71,5.78,41.6,8.31,0.96,7.14,4.64,6.47,Feeling inadequate compared to my peers during coding competitive tests.,86.83,Severe,Performance,Increasing,"[""Sleep Deprivation"", ""Heavy Academic Workload"", ""Exam & Performance Anxiety"", ""Social Isolation""]"
STU_040,1,5.0,7.0,7.84,10.9,7.5,1.31,8.75,3.44,7.82,"Too many deadlines overlapping on the same day, feeling breathless.",98.0,Severe,Time-pressure,Decreasing,"[""Sleep Deprivation"", ""Heavy Academic Workload"", ""Exam & Performance Anxiety"", ""Excessive Screen Time"", ""Low Physical Activity"", ""Social Isolation""]"
STU_040,2,5.04,7.0,7.02,14.5,7.35,1.21,8.71,3.45,3.99,Poor time management has left me pulling late nights to meet project milestones.,98.0,Severe,Time-pressure,Decreasing,"[""Sleep Deprivation"", ""Heavy Academic Workload"", ""Exam & Performance Anxiety"", ""Excessive Screen Time"", ""Low Physical Activity"", ""Social Isolation""]"
STU_040,3,5.09,7.0,7.33,16.2,7.2,1.08,8.66,3.47,4.67,Poor time management has left me pulling late nights to meet project milestones.,98.0,Severe,Time-pressure,Decreasing,"[""Sleep Deprivation"", ""Heavy Academic Workload"", ""Exam & Performance Anxiety"", ""Excessive Screen Time"", ""Low Physical Activity"", ""Social Isolation""]"
STU_040,4,5.13,7.0,7.82,10.3,7.05,1.18,8.62,3.48,7.76,"Too many deadlines overlapping on the same day, feeling breathless.",98.0,Severe,Time-pressure,Decreasing,"[""Sleep Deprivation"", ""Heavy Academic Workload"", ""Exam & Performance Anxiety"", ""Excessive Screen Time"", ""Low Physical Activity"", ""Social Isolation""]"
STU_040,5,5.18,7.0,7.35,18.6,6.9,1.23,8.57,3.5,6.41,"Running out of time to complete all my tasks today, constantly rushing.",95.26,Severe,Time-pressure,Decreasing,"[""Sleep Deprivation"", ""Heavy Academic Workload"", ""Exam & Performance Anxiety"", ""Excessive Screen Time"", ""Low Physical Activity"", ""Social Isolation""]"
STU_040,6,5.22,7.0,7.84,19.3,6.75,1.09,8.53,3.52,5.68,"Running out of time to complete all my tasks today, constantly rushing.",93.9,Severe,Time-pressure,Decreasing,"[""Sleep Deprivation"", ""Heavy Academic Workload"", ""Exam & Performance Anxiety"", ""Excessive Screen Time"", ""Low Physical Activity"", ""Social Isolation""]"
STU_040,7,5.27,7.0,7.84,17.7,6.6,1.15,8.48,3.53,5.43,"Juggling classes, projects, and personal commitments is overwhelming.",92.84,Severe,Time-pressure,Decreasing,"[""Sleep Deprivation"", ""Heavy Academic Workload"", ""Exam & Performance Anxiety"", ""Excessive Screen Time"", ""Low Physical Activity"", ""Social Isolation""]"
STU_041,1,7.14,3.09,7.16,28.5,3.1,1.07,6.76,5.64,8.24,Difficulty balancing group project communication and team dynamics.,58.71,Moderate,Social,Sudden Escalation,"[""Exam & Performance Anxiety"", ""Excessive Screen Time"", ""Social Isolation""]"
STU_041,2,7.14,3.09,7.16,28.5,3.1,0.77,6.94,5.46,6.41,Feeling isolated from my peer group and struggling with campus social life.,59.07,Moderate,Social,Sudden Escalation,"[""Exam & Performance Anxiety"", ""Excessive Screen Time"", ""Social Isolation""]"
STU_041,3,7.14,3.09,7.16,28.5,3.1,1.31,6.62,5.78,8.3,Missing home and feeling lonely during weekends in the college dormitory.,59.58,Moderate,Social,Sudden Escalation,"[""Exam & Performance Anxiety"", ""Excessive Screen Time"", ""Social Isolation""]"
STU_041,4,7.14,3.09,7.16,28.5,3.1,1.29,6.63,5.77,9.24,Missing home and feeling lonely during weekends in the college dormitory.,58.34,Moderate,Social,Sudden Escalation,"[""Exam & Performance Anxiety"", ""Excessive Screen Time"", ""Social Isolation""]"
STU_041,5,7.14,3.09,7.16,28.5,3.1,1.13,6.72,5.68,4.95,Had a conflict with roommate and feeling socially strained.,58.16,Moderate,Social,Sudden Escalation,"[""Exam & Performance Anxiety"", ""Excessive Screen Time"", ""Social Isolation""]"
STU_041,6,7.14,3.09,7.16,28.5,3.1,0.84,6.9,5.5,3.61,Feeling isolated from my peer group and struggling with campus social life.,58.6,Moderate,Social,Sudden Escalation,"[""Exam & Performance Anxiety"", ""Excessive Screen Time"", ""Social Isolation""]"
STU_041,7,7.14,3.09,7.16,28.5,3.1,1.2,6.68,5.72,7.14,Feeling isolated from my peer group and struggling with campus social life.,59.71,Moderate,Social,Sudden Escalation,"[""Exam & Performance Anxiety"", ""Excessive Screen Time"", ""Social Isolation""]"
STU_042,1,4.83,8.07,6.22,29.9,8.86,4.9,5.5,6.0,4.49,"Everything is building up at once - exams, poor sleep, and placement worries.",84.96,Severe,Mixed,Increasing,"[""Sleep Deprivation"", ""Heavy Academic Workload""]"
STU_042,2,4.77,8.07,6.22,29.9,9.01,4.9,5.65,5.92,4.76,"Struggling to manage daily routine, exams, and keeping up health.",86.58,Severe,Mixed,Increasing,"[""Sleep Deprivation"", ""Heavy Academic Workload""]"
STU_042,3,4.71,8.07,6.22,29.9,9.16,4.9,5.8,5.85,8.85,Feeling overwhelmed by academic deadlines and personal life stress.,88.3,Severe,Mixed,Increasing,"[""Sleep Deprivation"", ""Heavy Academic Workload""]"
STU_042,4,4.65,8.07,6.22,29.9,9.31,4.9,5.95,5.78,4.17,"Everything is building up at once - exams, poor sleep, and placement worries.",87.72,Severe,Mixed,Increasing,"[""Sleep Deprivation"", ""Heavy Academic Workload""]"
STU_042,5,4.59,8.07,6.22,29.9,9.46,4.9,6.1,5.7,9.25,"Everything is building up at once - exams, poor sleep, and placement worries.",91.02,Severe,Mixed,Increasing,"[""Sleep Deprivation"", ""Heavy Academic Workload"", ""Exam & Performance Anxiety""]"
STU_042,6,4.53,8.07,6.22,29.9,9.61,4.9,6.25,5.62,9.04,"Struggling to manage daily routine, exams, and keeping up health.",91.02,Severe,Mixed,Increasing,"[""Sleep Deprivation"", ""Heavy Academic Workload"", ""Exam & Performance Anxiety""]"
STU_042,7,4.47,8.07,6.22,29.9,9.76,4.9,6.4,5.55,6.68,"Exhausted from constant workload, lack of sleep, and social fatigue.",90.88,Severe,Mixed,Increasing,"[""Sleep Deprivation"", ""Heavy Academic Workload"", ""Exam & Performance Anxiety""]"
STU_043,1,3.85,7.44,8.15,35.3,3.2,3.98,7.58,3.46,9.3,Screen usage late at night is ruining my sleep quality.,80.45,Severe,Sleep-related,Decreasing,"[""Sleep Deprivation"", ""Exam & Performance Anxiety"", ""Excessive Screen Time""]"
STU_043,2,3.98,7.44,8.95,31.5,3.75,3.98,7.51,3.58,5.81,Screen usage late at night is ruining my sleep quality.,80.49,Severe,Sleep-related,Decreasing,"[""Sleep Deprivation"", ""Exam & Performance Anxiety"", ""Excessive Screen Time""]"
STU_043,3,4.48,7.44,8.99,29.8,3.06,3.98,7.26,4.03,3.53,Insomnia is killing me. Only slept 3 hours last night and feel exhausted.,77.13,High,Sleep-related,Decreasing,"[""Sleep Deprivation"", ""Exam & Performance Anxiety"", ""Excessive Screen Time""]"
STU_043,4,4.1,7.44,9.07,28.6,3.6,3.98,7.45,3.69,3.59,Insomnia is killing me. Only slept 3 hours last night and feel exhausted.,79.86,High,Sleep-related,Decreasing,"[""Sleep Deprivation"", ""Exam & Performance Anxiety"", ""Excessive Screen Time""]"
STU_043,5,5.04,7.44,8.67,35.0,3.73,3.98,6.98,4.54,5.92,Screen usage late at night is ruining my sleep quality.,69.74,High,Sleep-related,Decreasing,"[""Sleep Deprivation"", ""Exam & Performance Anxiety"", ""Excessive Screen Time""]"
STU_043,6,4.8,7.44,8.61,32.5,3.0,3.98,7.1,4.32,8.61,"Waking up feeling tired despite sleeping late, unable to get restful sleep.",69.19,High,Sleep-related,Decreasing,"[""Sleep Deprivation"", ""Exam & Performance Anxiety"", ""Excessive Screen Time""]"
STU_043,7,4.41,7.44,8.62,28.8,3.75,3.98,7.29,3.97,6.72,Disrupted sleep schedule and constant headaches throughout the morning.,78.9,High,Sleep-related,Decreasing,"[""Sleep Deprivation"", ""Exam & Performance Anxiety"", ""Excessive Screen Time""]"
STU_044,1,4.76,6.79,4.34,21.6,4.5,0.66,7.94,4.32,5.98,Constant pressure to perform well and keep up high GPA expectations.,83.0,Severe,Performance,Sudden Escalation,"[""Sleep Deprivation"", ""Exam & Performance Anxiety"", ""Social Isolation""]"
STU_044,2,4.74,5.62,4.34,21.6,4.34,0.76,7.26,4.6,5.18,Feeling inadequate compared to my peers during coding competitive tests.,81.44,Severe,Performance,Sudden Escalation,"[""Sleep Deprivation"", ""Exam & Performance Anxiety"", ""Social Isolation""]"
STU_044,3,4.39,6.9,4.34,21.6,5.02,1.47,7.14,4.64,6.11,Constant pressure to perform well and keep up high GPA expectations.,84.85,Severe,Performance,Sudden Escalation,"[""Sleep Deprivation"", ""Exam & Performance Anxiety"", ""Social Isolation""]"
STU_044,4,4.79,6.21,4.34,21.6,4.38,0.87,7.77,4.39,5.12,Constant pressure to perform well and keep up high GPA expectations.,84.18,Severe,Performance,Sudden Escalation,"[""Sleep Deprivation"", ""Exam & Performance Anxiety"", ""Social Isolation""]"
STU_044,5,4.76,6.79,4.34,21.6,4.48,0.67,6.9,4.74,7.43,Constant pressure to perform well and keep up high GPA expectations.,81.23,Severe,Performance,Sudden Escalation,"[""Sleep Deprivation"", ""Exam & Performance Anxiety"", ""Social Isolation""]"
STU_044,6,4.7,7.04,4.34,21.6,4.75,0.9,7.38,4.55,8.32,Terrified about campus placement interviews and job application rejections.,80.22,Severe,Performance,Sudden Escalation,"[""Sleep Deprivation"", ""Exam & Performance Anxiety"", ""Social Isolation""]"
STU_044,7,4.68,6.23,4.34,21.6,5.0,0.97,6.98,4.71,8.13,Feeling inadequate compared to my peers during coding competitive tests.,81.65,Severe,Performance,Sudden Escalation,"[""Sleep Deprivation"", ""Exam & Performance Anxiety"", ""Social Isolation""]"
STU_045,1,7.79,6.91,5.9,29.7,9.57,3.13,6.99,4.51,7.27,Struggling with the heavy assignment load and complex programming projects.,80.43,Severe,Academic,Sudden Escalation,"[""Heavy Academic Workload"", ""Exam & Performance Anxiety""]"
STU_045,2,7.87,6.44,5.99,27.6,9.38,3.37,6.89,4.56,3.69,Extremely anxious about upcoming lab exams and pending submissions.,82.91,Severe,Academic,Sudden Escalation,"[""Heavy Academic Workload"", ""Exam & Performance Anxiety""]"
STU_045,3,8.13,7.5,5.56,27.5,9.12,3.55,6.71,4.65,8.02,Extremely anxious about upcoming lab exams and pending submissions.,77.09,High,Academic,Sudden Escalation,"[""Heavy Academic Workload"", ""Exam & Performance Anxiety""]"
STU_045,4,7.96,6.89,5.03,36.2,9.61,3.35,6.96,4.52,8.4,I have three major midterms coming up this week and I feel completely unprepared.,82.99,Severe,Academic,Sudden Escalation,"[""Heavy Academic Workload"", ""Exam & Performance Anxiety""]"
STU_045,5,7.3,6.89,5.79,30.0,10.0,3.42,7.31,4.35,5.07,Extremely anxious about upcoming lab exams and pending submissions.,85.47,Severe,Academic,Sudden Escalation,"[""Heavy Academic Workload"", ""Exam & Performance Anxiety""]"
STU_045,6,7.03,6.55,5.85,28.1,10.0,3.09,7.39,4.3,6.35,Struggling with the heavy assignment load and complex programming projects.,88.24,Severe,Academic,Sudden Escalation,"[""Heavy Academic Workload"", ""Exam & Performance Anxiety""]"
STU_045,7,7.31,7.01,5.47,25.8,10.0,3.14,7.31,4.35,5.57,Extremely anxious about upcoming lab exams and pending submissions.,86.64,Severe,Academic,Sudden Escalation,"[""Heavy Academic Workload"", ""Exam & Performance Anxiety""]"
STU_046,1,6.3,5.58,3.02,24.7,4.67,3.82,5.5,6.0,8.2,"Everything is building up at once - exams, poor sleep, and placement worries.",60.5,High,Mixed,Increasing,"[""General Workload Routine""]"
STU_046,2,6.24,5.58,3.02,24.7,4.82,3.82,5.65,5.92,5.12,Feeling overwhelmed by academic deadlines and personal life stress.,60.53,High,Mixed,Increasing,"[""General Workload Routine""]"
STU_046,3,6.18,5.58,3.02,24.7,4.97,3.82,5.8,5.85,7.36,Feeling overwhelmed by academic deadlines and personal life stress.,61.64,High,Mixed,Increasing,"[""General Workload Routine""]"
STU_046,4,6.12,5.58,3.02,24.7,5.12,3.82,5.95,5.78,6.88,Feeling overwhelmed by academic deadlines and personal life stress.,63.41,High,Mixed,Increasing,"[""General Workload Routine""]"
STU_046,5,6.06,5.58,3.02,24.7,5.27,3.82,6.1,5.7,5.26,"Everything is building up at once - exams, poor sleep, and placement worries.",65.73,High,Mixed,Increasing,"[""Exam & Performance Anxiety""]"
STU_046,6,6.0,5.58,3.02,24.7,5.42,3.82,6.25,5.62,8.29,"Exhausted from constant workload, lack of sleep, and social fatigue.",68.71,High,Mixed,Increasing,"[""Sleep Deprivation"", ""Exam & Performance Anxiety""]"
STU_046,7,5.94,5.58,3.02,24.7,5.57,3.82,6.4,5.55,8.97,Feeling overwhelmed by academic deadlines and personal life stress.,69.46,High,Mixed,Increasing,"[""Sleep Deprivation"", ""Exam & Performance Anxiety""]"
STU_047,1,7.19,4.88,5.69,15.3,5.24,1.19,6.69,5.71,5.75,Difficulty balancing group project communication and team dynamics.,69.15,High,Social,Stable,"[""Exam & Performance Anxiety"", ""Low Physical Activity"", ""Social Isolation""]"
STU_047,2,7.19,4.88,5.69,15.3,5.24,1.11,6.73,5.67,6.61,Had a conflict with roommate and feeling socially strained.,69.17,High,Social,Stable,"[""Exam & Performance Anxiety"", ""Low Physical Activity"", ""Social Isolation""]"
STU_047,3,7.19,4.88,5.69,15.3,5.24,1.11,6.74,5.66,8.47,Missing home and feeling lonely during weekends in the college dormitory.,66.8,High,Social,Stable,"[""Exam & Performance Anxiety"", ""Low Physical Activity"", ""Social Isolation""]"
STU_047,4,7.19,4.88,5.69,15.3,5.24,1.0,6.8,5.6,6.15,Feeling isolated from my peer group and struggling with campus social life.,71.65,High,Social,Stable,"[""Exam & Performance Anxiety"", ""Low Physical Activity"", ""Social Isolation""]"
STU_047,5,7.19,4.88,5.69,15.3,5.24,1.34,6.59,5.81,5.66,Difficulty balancing group project communication and team dynamics.,67.13,High,Social,Stable,"[""Exam & Performance Anxiety"", ""Low Physical Activity"", ""Social Isolation""]"
STU_047,6,7.19,4.88,5.69,15.3,5.24,1.11,6.74,5.66,6.18,Difficulty balancing group project communication and team dynamics.,70.23,High,Social,Stable,"[""Exam & Performance Anxiety"", ""Low Physical Activity"", ""Social Isolation""]"
STU_047,7,7.19,4.88,5.69,15.3,5.24,1.43,6.54,5.86,4.9,Had a conflict with roommate and feeling socially strained.,64.58,High,Social,Stable,"[""Exam & Performance Anxiety"", ""Low Physical Activity"", ""Social Isolation""]"
STU_048,1,5.0,7.0,7.11,18.9,7.5,1.11,8.75,3.44,6.52,Poor time management has left me pulling late nights to meet project milestones.,98.0,Severe,Time-pressure,Increasing,"[""Sleep Deprivation"", ""Heavy Academic Workload"", ""Exam & Performance Anxiety"", ""Excessive Screen Time"", ""Low Physical Activity"", ""Social Isolation""]"
STU_048,2,4.96,7.0,7.76,12.4,7.65,1.28,8.79,3.42,3.67,"Juggling classes, projects, and personal commitments is overwhelming.",98.0,Severe,Time-pressure,Increasing,"[""Sleep Deprivation"", ""Heavy Academic Workload"", ""Exam & Performance Anxiety"", ""Excessive Screen Time"", ""Low Physical Activity"", ""Social Isolation""]"
STU_048,3,4.91,7.0,7.83,12.5,7.8,1.35,8.84,3.41,4.71,"Juggling classes, projects, and personal commitments is overwhelming.",98.0,Severe,Time-pressure,Increasing,"[""Sleep Deprivation"", ""Heavy Academic Workload"", ""Exam & Performance Anxiety"", ""Excessive Screen Time"", ""Low Physical Activity"", ""Social Isolation""]"
STU_048,4,4.87,7.0,7.86,19.1,7.95,1.07,8.88,3.39,4.36,"Too many deadlines overlapping on the same day, feeling breathless.",98.0,Severe,Time-pressure,Increasing,"[""Sleep Deprivation"", ""Heavy Academic Workload"", ""Exam & Performance Anxiety"", ""Excessive Screen Time"", ""Low Physical Activity"", ""Social Isolation""]"
STU_048,5,4.82,7.0,7.74,13.1,8.1,1.07,8.93,3.37,4.08,"Juggling classes, projects, and personal commitments is overwhelming.",98.0,Severe,Time-pressure,Increasing,"[""Sleep Deprivation"", ""Heavy Academic Workload"", ""Exam & Performance Anxiety"", ""Excessive Screen Time"", ""Low Physical Activity"", ""Social Isolation""]"
STU_048,6,4.78,7.0,7.14,17.9,8.25,1.4,8.97,3.36,6.46,Poor time management has left me pulling late nights to meet project milestones.,98.0,Severe,Time-pressure,Increasing,"[""Sleep Deprivation"", ""Heavy Academic Workload"", ""Exam & Performance Anxiety"", ""Excessive Screen Time"", ""Low Physical Activity"", ""Social Isolation""]"
STU_048,7,4.73,7.0,7.6,18.3,8.4,1.01,9.02,3.34,9.19,Poor time management has left me pulling late nights to meet project milestones.,98.0,Severe,Time-pressure,Increasing,"[""Sleep Deprivation"", ""Heavy Academic Workload"", ""Exam & Performance Anxiety"", ""Excessive Screen Time"", ""Low Physical Activity"", ""Social Isolation""]"
STU_049,1,5.04,7.5,6.56,12.7,4.66,0.94,6.84,5.56,7.62,Had a conflict with roommate and feeling socially strained.,76.0,High,Social,Stable,"[""Sleep Deprivation"", ""Exam & Performance Anxiety"", ""Low Physical Activity"", ""Social Isolation""]"
STU_049,2,5.04,7.5,6.56,12.7,4.66,0.84,6.9,5.5,6.18,Difficulty balancing group project communication and team dynamics.,80.26,Severe,Social,Stable,"[""Sleep Deprivation"", ""Exam & Performance Anxiety"", ""Low Physical Activity"", ""Social Isolation""]"
STU_049,3,5.04,7.5,6.56,12.7,4.66,1.04,6.78,5.62,5.44,Difficulty balancing group project communication and team dynamics.,76.34,High,Social,Stable,"[""Sleep Deprivation"", ""Exam & Performance Anxiety"", ""Low Physical Activity"", ""Social Isolation""]"
STU_049,4,5.04,7.5,6.56,12.7,4.66,1.44,6.54,5.86,5.62,Feeling isolated from my peer group and struggling with campus social life.,77.57,High,Social,Stable,"[""Sleep Deprivation"", ""Exam & Performance Anxiety"", ""Low Physical Activity"", ""Social Isolation""]"
STU_049,5,5.04,7.5,6.56,12.7,4.66,0.9,6.86,5.54,5.96,Missing home and feeling lonely during weekends in the college dormitory.,79.56,High,Social,Stable,"[""Sleep Deprivation"", ""Exam & Performance Anxiety"", ""Low Physical Activity"", ""Social Isolation""]"
STU_049,6,5.04,7.5,6.56,12.7,4.66,1.11,6.73,5.67,7.75,Feeling isolated from my peer group and struggling with campus social life.,77.88,High,Social,Stable,"[""Sleep Deprivation"", ""Exam & Performance Anxiety"", ""Low Physical Activity"", ""Social Isolation""]"
STU_049,7,5.04,7.5,6.56,12.7,4.66,1.13,6.72,5.68,8.53,Missing home and feeling lonely during weekends in the college dormitory.,78.26,High,Social,Stable,"[""Sleep Deprivation"", ""Exam & Performance Anxiety"", ""Low Physical Activity"", ""Social Isolation""]"
STU_050,1,5.37,5.58,5.56,22.1,7.97,1.04,6.78,5.62,8.12,Difficulty balancing group project communication and team dynamics.,87.66,Severe,Social,Sudden Escalation,"[""Sleep Deprivation"", ""Heavy Academic Workload"", ""Exam & Performance Anxiety"", ""Social Isolation""]"
STU_050,2,5.37,5.58,5.56,22.1,7.97,0.78,6.93,5.47,3.65,Feeling isolated from my peer group and struggling with campus social life.,90.05,Severe,Social,Sudden Escalation,"[""Sleep Deprivation"", ""Heavy Academic Workload"", ""Exam & Performance Anxiety"", ""Social Isolation""]"
STU_050,3,5.37,5.58,5.56,22.1,7.97,0.87,6.88,5.52,9.04,Feeling isolated from my peer group and struggling with campus social life.,87.81,Severe,Social,Sudden Escalation,"[""Sleep Deprivation"", ""Heavy Academic Workload"", ""Exam & Performance Anxiety"", ""Social Isolation""]"
STU_050,4,5.37,5.58,5.56,22.1,7.97,1.37,6.58,5.82,4.32,Difficulty balancing group project communication and team dynamics.,85.39,Severe,Social,Sudden Escalation,"[""Sleep Deprivation"", ""Heavy Academic Workload"", ""Exam & Performance Anxiety"", ""Social Isolation""]"
STU_050,5,5.37,5.58,5.56,22.1,7.97,0.95,6.83,5.57,4.03,Missing home and feeling lonely during weekends in the college dormitory.,85.48,Severe,Social,Sudden Escalation,"[""Sleep Deprivation"", ""Heavy Academic Workload"", ""Exam & Performance Anxiety"", ""Social Isolation""]"
STU_050,6,5.37,5.58,5.56,22.1,7.97,0.75,6.95,5.45,4.63,Missing home and feeling lonely during weekends in the college dormitory.,87.27,Severe,Social,Sudden Escalation,"[""Sleep Deprivation"", ""Heavy Academic Workload"", ""Exam & Performance Anxiety"", ""Social Isolation""]"
STU_050,7,5.37,5.58,5.56,22.1,7.97,1.2,6.68,5.72,3.34,Had a conflict with roommate and feeling socially strained.,88.89,Severe,Social,Sudden Escalation,"[""Sleep Deprivation"", ""Heavy Academic Workload"", ""Exam & Performance Anxiety"", ""Social Isolation""]"
STU_051,1,7.4,7.53,5.15,19.1,3.57,1.85,5.5,6.0,6.38,"Exhausted from constant workload, lack of sleep, and social fatigue.",51.71,Moderate,Mixed,Decreasing,"[""Low Physical Activity"", ""Social Isolation""]"
STU_051,2,7.46,7.53,5.15,19.1,3.42,1.85,5.35,6.08,7.52,"Everything is building up at once - exams, poor sleep, and placement worries.",52.33,Moderate,Mixed,Decreasing,"[""Low Physical Activity"", ""Social Isolation""]"
STU_051,3,7.52,7.53,5.15,19.1,3.27,1.85,5.2,6.15,7.51,"Struggling to manage daily routine, exams, and keeping up health.",52.98,Moderate,Mixed,Decreasing,"[""Low Physical Activity"", ""Social Isolation""]"
STU_051,4,7.58,7.53,5.15,19.1,3.12,1.85,5.05,6.22,5.49,"Exhausted from constant workload, lack of sleep, and social fatigue.",49.36,Moderate,Mixed,Decreasing,"[""Low Physical Activity"", ""Social Isolation""]"
STU_051,5,7.64,7.53,5.15,19.1,3.0,1.85,4.9,6.3,3.67,"Everything is building up at once - exams, poor sleep, and placement worries.",49.41,Moderate,Mixed,Decreasing,"[""Low Physical Activity"", ""Social Isolation""]"
STU_051,6,7.7,7.53,5.15,19.1,3.0,1.85,4.75,6.38,3.89,Feeling overwhelmed by academic deadlines and personal life stress.,46.25,Moderate,Mixed,Decreasing,"[""Low Physical Activity"", ""Social Isolation""]"
STU_051,7,7.76,7.53,5.15,19.1,3.0,1.85,4.6,6.45,7.17,"Exhausted from constant workload, lack of sleep, and social fatigue.",47.7,Moderate,Mixed,Decreasing,"[""Low Physical Activity"", ""Social Isolation""]"
STU_052,1,4.77,6.38,6.05,22.4,5.11,1.85,5.5,6.0,7.0,"Struggling to manage daily routine, exams, and keeping up health.",73.95,High,Mixed,Increasing,"[""Sleep Deprivation"", ""Social Isolation""]"
STU_052,2,4.71,6.38,6.05,22.4,5.26,1.85,5.65,5.92,3.56,"Exhausted from constant workload, lack of sleep, and social fatigue.",73.69,High,Mixed,Increasing,"[""Sleep Deprivation"", ""Social Isolation""]"
STU_052,3,4.65,6.38,6.05,22.4,5.41,1.85,5.8,5.85,6.83,"Everything is building up at once - exams, poor sleep, and placement worries.",73.23,High,Mixed,Increasing,"[""Sleep Deprivation"", ""Social Isolation""]"
STU_052,4,4.59,6.38,6.05,22.4,5.56,1.85,5.95,5.78,5.04,"Struggling to manage daily routine, exams, and keeping up health.",76.51,High,Mixed,Increasing,"[""Sleep Deprivation"", ""Social Isolation""]"
STU_052,5,4.53,6.38,6.05,22.4,5.71,1.85,6.1,5.7,7.19,Feeling overwhelmed by academic deadlines and personal life stress.,76.63,High,Mixed,Increasing,"[""Sleep Deprivation"", ""Exam & Performance Anxiety"", ""Social Isolation""]"
STU_052,6,4.47,6.38,6.05,22.4,5.86,1.85,6.25,5.62,8.06,Feeling overwhelmed by academic deadlines and personal life stress.,78.86,High,Mixed,Increasing,"[""Sleep Deprivation"", ""Exam & Performance Anxiety"", ""Social Isolation""]"
STU_052,7,4.41,6.38,6.05,22.4,6.01,1.85,6.4,5.55,4.34,Feeling overwhelmed by academic deadlines and personal life stress.,83.1,Severe,Mixed,Increasing,"[""Sleep Deprivation"", ""Exam & Performance Anxiety"", ""Social Isolation""]"
STU_053,1,7.49,4.77,5.0,50.4,8.73,1.41,6.55,5.85,6.43,Feeling isolated from my peer group and struggling with campus social life.,74.27,High,Social,Increasing,"[""Heavy Academic Workload"", ""Exam & Performance Anxiety"", ""Social Isolation""]"
STU_053,2,7.49,4.77,5.0,50.4,8.73,0.72,6.97,5.43,3.86,Missing home and feeling lonely during weekends in the college dormitory.,80.52,Severe,Social,Increasing,"[""Heavy Academic Workload"", ""Exam & Performance Anxiety"", ""Social Isolation""]"
STU_053,3,7.49,4.77,5.0,50.4,8.73,0.81,6.91,5.49,6.55,Missing home and feeling lonely during weekends in the college dormitory.,77.56,High,Social,Increasing,"[""Heavy Academic Workload"", ""Exam & Performance Anxiety"", ""Social Isolation""]"
STU_053,4,7.49,4.77,5.0,50.4,8.73,1.36,6.58,5.82,3.11,Feeling isolated from my peer group and struggling with campus social life.,74.33,High,Social,Increasing,"[""Heavy Academic Workload"", ""Exam & Performance Anxiety"", ""Social Isolation""]"
STU_053,5,7.49,4.77,5.0,50.4,8.73,1.45,6.53,5.87,9.0,Feeling isolated from my peer group and struggling with campus social life.,72.67,High,Social,Increasing,"[""Heavy Academic Workload"", ""Exam & Performance Anxiety"", ""Social Isolation""]"
STU_053,6,7.49,4.77,5.0,50.4,8.73,0.74,6.96,5.44,7.09,Missing home and feeling lonely during weekends in the college dormitory.,76.87,High,Social,Increasing,"[""Heavy Academic Workload"", ""Exam & Performance Anxiety"", ""Social Isolation""]"
STU_053,7,7.49,4.77,5.0,50.4,8.73,1.1,6.74,5.66,3.54,Difficulty balancing group project communication and team dynamics.,75.26,High,Social,Increasing,"[""Heavy Academic Workload"", ""Exam & Performance Anxiety"", ""Social Isolation""]"
STU_054,1,5.61,4.86,7.06,19.1,7.85,1.19,6.69,5.71,5.02,Feeling isolated from my peer group and struggling with campus social life.,87.43,Severe,Social,Increasing,"[""Sleep Deprivation"", ""Heavy Academic Workload"", ""Exam & Performance Anxiety"", ""Excessive Screen Time"", ""Low Physical Activity"", ""Social Isolation""]"
STU_054,2,5.61,4.86,7.06,19.1,7.85,1.15,6.71,5.69,3.38,Had a conflict with roommate and feeling socially strained.,89.52,Severe,Social,Increasing,"[""Sleep Deprivation"", ""Heavy Academic Workload"", ""Exam & Performance Anxiety"", ""Excessive Screen Time"", ""Low Physical Activity"", ""Social Isolation""]"
STU_054,3,5.61,4.86,7.06,19.1,7.85,1.43,6.54,5.86,6.98,Difficulty balancing group project communication and team dynamics.,85.06,Severe,Social,Increasing,"[""Sleep Deprivation"", ""Heavy Academic Workload"", ""Exam & Performance Anxiety"", ""Excessive Screen Time"", ""Low Physical Activity"", ""Social Isolation""]"
STU_054,4,5.61,4.86,7.06,19.1,7.85,1.46,6.53,5.87,3.78,Had a conflict with roommate and feeling socially strained.,86.33,Severe,Social,Increasing,"[""Sleep Deprivation"", ""Heavy Academic Workload"", ""Exam & Performance Anxiety"", ""Excessive Screen Time"", ""Low Physical Activity"", ""Social Isolation""]"
STU_054,5,5.61,4.86,7.06,19.1,7.85,0.93,6.84,5.56,6.23,Had a conflict with roommate and feeling socially strained.,89.05,Severe,Social,Increasing,"[""Sleep Deprivation"", ""Heavy Academic Workload"", ""Exam & Performance Anxiety"", ""Excessive Screen Time"", ""Low Physical Activity"", ""Social Isolation""]"
STU_054,6,5.61,4.86,7.06,19.1,7.85,1.22,6.67,5.73,4.09,Missing home and feeling lonely during weekends in the college dormitory.,86.56,Severe,Social,Increasing,"[""Sleep Deprivation"", ""Heavy Academic Workload"", ""Exam & Performance Anxiety"", ""Excessive Screen Time"", ""Low Physical Activity"", ""Social Isolation""]"
STU_054,7,5.61,4.86,7.06,19.1,7.85,1.4,6.56,5.84,7.76,Missing home and feeling lonely during weekends in the college dormitory.,87.3,Severe,Social,Increasing,"[""Sleep Deprivation"", ""Heavy Academic Workload"", ""Exam & Performance Anxiety"", ""Excessive Screen Time"", ""Low Physical Activity"", ""Social Isolation""]"
STU_055,1,5.33,6.16,6.48,24.3,9.85,3.35,7.84,4.08,4.48,I have three major midterms coming up this week and I feel completely unprepared.,98.0,Severe,Academic,Stable,"[""Sleep Deprivation"", ""Heavy Academic Workload"", ""Exam & Performance Anxiety""]"
STU_055,2,5.61,7.37,5.86,19.8,9.86,3.13,7.76,4.12,6.59,I have three major midterms coming up this week and I feel completely unprepared.,96.91,Severe,Academic,Stable,"[""Sleep Deprivation"", ""Heavy Academic Workload"", ""Exam & Performance Anxiety"", ""Low Physical Activity""]"
STU_055,3,5.2,6.71,5.94,20.6,10.0,2.79,7.94,4.03,6.71,I have three major midterms coming up this week and I feel completely unprepared.,98.0,Severe,Academic,Stable,"[""Sleep Deprivation"", ""Heavy Academic Workload"", ""Exam & Performance Anxiety""]"
STU_055,4,5.24,6.15,5.84,19.1,9.47,3.46,7.72,4.14,8.63,Extremely anxious about upcoming lab exams and pending submissions.,98.0,Severe,Academic,Stable,"[""Sleep Deprivation"", ""Heavy Academic Workload"", ""Exam & Performance Anxiety"", ""Low Physical Activity""]"
STU_055,5,5.45,6.21,6.08,21.3,10.0,3.22,7.86,4.07,6.02,Struggling with the heavy assignment load and complex programming projects.,98.0,Severe,Academic,Stable,"[""Sleep Deprivation"", ""Heavy Academic Workload"", ""Exam & Performance Anxiety""]"
STU_055,6,5.34,7.23,5.81,13.3,9.94,2.75,7.87,4.06,9.06,I have three major midterms coming up this week and I feel completely unprepared.,98.0,Severe,Academic,Stable,"[""Sleep Deprivation"", ""Heavy Academic Workload"", ""Exam & Performance Anxiety"", ""Low Physical Activity""]"
STU_055,7,5.32,7.03,6.31,26.7,9.37,3.18,7.66,4.17,8.52,Extremely anxious about upcoming lab exams and pending submissions.,98.0,Severe,Academic,Stable,"[""Sleep Deprivation"", ""Heavy Academic Workload"", ""Exam & Performance Anxiety""]"
STU_056,1,4.92,6.18,4.19,37.1,3.36,4.99,5.5,6.0,3.29,"Everything is building up at once - exams, poor sleep, and placement worries.",58.63,Moderate,Mixed,Decreasing,"[""Sleep Deprivation""]"
STU_056,2,4.98,6.18,4.19,37.1,3.21,4.99,5.35,6.08,7.56,"Struggling to manage daily routine, exams, and keeping up health.",54.17,Moderate,Mixed,Decreasing,"[""Sleep Deprivation""]"
STU_056,3,5.04,6.18,4.19,37.1,3.06,4.99,5.2,6.15,6.78,"Everything is building up at once - exams, poor sleep, and placement worries.",53.43,Moderate,Mixed,Decreasing,"[""Sleep Deprivation""]"
STU_056,4,5.1,6.18,4.19,37.1,3.0,4.99,5.05,6.22,3.49,"Struggling to manage daily routine, exams, and keeping up health.",53.01,Moderate,Mixed,Decreasing,"[""Sleep Deprivation""]"
STU_056,5,5.16,6.18,4.19,37.1,3.0,4.99,4.9,6.3,7.31,"Struggling to manage daily routine, exams, and keeping up health.",52.4,Moderate,Mixed,Decreasing,"[""Sleep Deprivation""]"
STU_056,6,5.22,6.18,4.19,37.1,3.0,4.99,4.75,6.38,4.7,Feeling overwhelmed by academic deadlines and personal life stress.,48.8,Moderate,Mixed,Decreasing,"[""Sleep Deprivation""]"
STU_056,7,5.28,6.18,4.19,37.1,3.0,4.99,4.6,6.45,7.55,"Struggling to manage daily routine, exams, and keeping up health.",48.92,Moderate,Mixed,Decreasing,"[""Sleep Deprivation""]"
STU_057,1,5.77,4.63,3.37,24.1,7.68,3.34,5.5,6.0,5.92,"Exhausted from constant workload, lack of sleep, and social fatigue.",72.0,High,Mixed,Decreasing,"[""Sleep Deprivation"", ""Heavy Academic Workload""]"
STU_057,2,5.83,4.63,3.37,24.1,7.53,3.34,5.35,6.08,6.48,"Everything is building up at once - exams, poor sleep, and placement worries.",71.37,High,Mixed,Decreasing,"[""Sleep Deprivation"", ""Heavy Academic Workload""]"
STU_057,3,5.89,4.63,3.37,24.1,7.38,3.34,5.2,6.15,5.94,"Exhausted from constant workload, lack of sleep, and social fatigue.",73.69,High,Mixed,Decreasing,"[""Sleep Deprivation"", ""Heavy Academic Workload""]"
STU_057,4,5.95,4.63,3.37,24.1,7.23,3.34,5.05,6.22,3.59,"Everything is building up at once - exams, poor sleep, and placement worries.",69.1,High,Mixed,Decreasing,"[""Sleep Deprivation"", ""Heavy Academic Workload""]"
STU_057,5,6.01,4.63,3.37,24.1,7.08,3.34,4.9,6.3,8.37,Feeling overwhelmed by academic deadlines and personal life stress.,69.58,High,Mixed,Decreasing,"[""Heavy Academic Workload""]"
STU_057,6,6.07,4.63,3.37,24.1,6.93,3.34,4.75,6.38,4.4,"Everything is building up at once - exams, poor sleep, and placement worries.",67.34,High,Mixed,Decreasing,"[""Heavy Academic Workload""]"
STU_057,7,6.13,4.63,3.37,24.1,6.78,3.34,4.6,6.45,3.59,"Exhausted from constant workload, lack of sleep, and social fatigue.",66.71,High,Mixed,Decreasing,"[""Heavy Academic Workload""]"
STU_058,1,5.55,5.13,4.49,51.9,5.1,4.21,6.7,4.82,3.08,Terrified about campus placement interviews and job application rejections.,69.33,High,Performance,Decreasing,"[""Sleep Deprivation"", ""Exam & Performance Anxiety""]"
STU_058,2,5.81,5.77,4.49,51.9,5.07,3.48,7.24,4.6,6.79,Terrified about campus placement interviews and job application rejections.,70.42,High,Performance,Decreasing,"[""Sleep Deprivation"", ""Exam & Performance Anxiety""]"
STU_058,3,5.87,5.51,4.49,51.9,4.5,4.24,8.3,4.18,3.6,Constant pressure to perform well and keep up high GPA expectations.,70.58,High,Performance,Decreasing,"[""Sleep Deprivation"", ""Exam & Performance Anxiety""]"
STU_058,4,5.81,5.51,4.49,51.9,5.09,3.37,6.6,4.86,8.34,Feeling inadequate compared to my peers during coding competitive tests.,69.48,High,Performance,Decreasing,"[""Sleep Deprivation"", ""Exam & Performance Anxiety""]"
STU_058,5,5.48,4.34,4.49,51.9,4.64,4.14,6.93,4.73,5.9,Worried about my upcoming seminar presentation in front of professors.,65.32,High,Performance,Decreasing,"[""Sleep Deprivation"", ""Exam & Performance Anxiety""]"
STU_058,6,5.51,5.21,4.49,51.9,4.39,3.66,7.5,4.5,3.4,Feeling inadequate compared to my peers during coding competitive tests.,71.45,High,Performance,Decreasing,"[""Sleep Deprivation"", ""Exam & Performance Anxiety""]"
STU_058,7,5.77,4.5,4.49,51.9,4.52,3.42,7.55,4.48,9.43,Terrified about campus placement interviews and job application rejections.,69.87,High,Performance,Decreasing,"[""Sleep Deprivation"", ""Exam & Performance Anxiety""]"
STU_059,1,6.42,7.69,4.72,40.5,4.93,2.08,5.5,6.0,3.19,"Exhausted from constant workload, lack of sleep, and social fatigue.",57.45,Moderate,Mixed,Decreasing,"[""General Workload Routine""]"
STU_059,2,6.48,7.69,4.72,40.5,4.78,2.08,5.35,6.08,3.38,Feeling overwhelmed by academic deadlines and personal life stress.,60.58,High,Mixed,Decreasing,"[""General Workload Routine""]"
STU_059,3,6.54,7.69,4.72,40.5,4.63,2.08,5.2,6.15,7.98,Feeling overwhelmed by academic deadlines and personal life stress.,60.08,High,Mixed,Decreasing,"[""General Workload Routine""]"
STU_059,4,6.6,7.69,4.72,40.5,4.48,2.08,5.05,6.22,3.65,"Exhausted from constant workload, lack of sleep, and social fatigue.",58.54,Moderate,Mixed,Decreasing,"[""General Workload Routine""]"
STU_059,5,6.66,7.69,4.72,40.5,4.33,2.08,4.9,6.3,6.47,Feeling overwhelmed by academic deadlines and personal life stress.,54.91,Moderate,Mixed,Decreasing,"[""General Workload Routine""]"
STU_059,6,6.72,7.69,4.72,40.5,4.18,2.08,4.75,6.38,7.97,"Everything is building up at once - exams, poor sleep, and placement worries.",54.13,Moderate,Mixed,Decreasing,"[""General Workload Routine""]"
STU_059,7,6.78,7.69,4.72,40.5,4.03,2.08,4.6,6.45,5.31,"Struggling to manage daily routine, exams, and keeping up health.",53.49,Moderate,Mixed,Decreasing,"[""General Workload Routine""]"
STU_060,1,5.16,6.76,6.69,31.1,7.1,2.37,8.17,4.23,6.52,Feeling inadequate compared to my peers during coding competitive tests.,92.91,Severe,Performance,Increasing,"[""Sleep Deprivation"", ""Heavy Academic Workload"", ""Exam & Performance Anxiety""]"
STU_060,2,5.21,5.96,6.69,31.1,6.92,2.71,6.54,4.88,8.97,Worried about my upcoming seminar presentation in front of professors.,82.22,Severe,Performance,Increasing,"[""Sleep Deprivation"", ""Heavy Academic Workload"", ""Exam & Performance Anxiety""]"
STU_060,3,4.82,6.1,6.69,31.1,6.95,2.4,8.19,4.22,3.96,Terrified about campus placement interviews and job application rejections.,90.98,Severe,Performance,Increasing,"[""Sleep Deprivation"", ""Heavy Academic Workload"", ""Exam & Performance Anxiety""]"
STU_060,4,5.18,6.12,6.69,31.1,7.45,2.79,7.23,4.61,6.81,Feeling inadequate compared to my peers during coding competitive tests.,85.06,Severe,Performance,Increasing,"[""Sleep Deprivation"", ""Heavy Academic Workload"", ""Exam & Performance Anxiety""]"
STU_060,5,4.66,6.39,6.69,31.1,7.09,2.58,7.37,4.55,7.22,Feeling inadequate compared to my peers during coding competitive tests.,90.22,Severe,Performance,Increasing,"[""Sleep Deprivation"", ""Heavy Academic Workload"", ""Exam & Performance Anxiety""]"
STU_060,6,4.83,7.36,6.69,31.1,6.92,2.38,8.07,4.27,5.46,Constant pressure to perform well and keep up high GPA expectations.,89.7,Severe,Performance,Increasing,"[""Sleep Deprivation"", ""Heavy Academic Workload"", ""Exam & Performance Anxiety""]"
STU_060,7,5.14,6.35,6.69,31.1,7.48,3.31,7.9,4.34,4.18,Terrified about campus placement interviews and job application rejections.,90.77,Severe,Performance,Increasing,"[""Sleep Deprivation"", ""Heavy Academic Workload"", ""Exam & Performance Anxiety""]"
STU_061,1,5.0,7.0,7.32,13.6,7.5,1.02,8.75,3.44,5.9,Poor time management has left me pulling late nights to meet project milestones.,98.0,Severe,Time-pressure,Increasing,"[""Sleep Deprivation"", ""Heavy Academic Workload"", ""Exam & Performance Anxiety"", ""Excessive Screen Time"", ""Low Physical Activity"", ""Social Isolation""]"
STU_061,2,4.96,7.0,7.27,17.5,7.65,1.47,8.79,3.42,7.68,"Running out of time to complete all my tasks today, constantly rushing.",98.0,Severe,Time-pressure,Increasing,"[""Sleep Deprivation"", ""Heavy Academic Workload"", ""Exam & Performance Anxiety"", ""Excessive Screen Time"", ""Low Physical Activity"", ""Social Isolation""]"
STU_061,3,4.91,7.0,7.05,15.6,7.8,1.29,8.84,3.41,6.21,"Juggling classes, projects, and personal commitments is overwhelming.",98.0,Severe,Time-pressure,Increasing,"[""Sleep Deprivation"", ""Heavy Academic Workload"", ""Exam & Performance Anxiety"", ""Excessive Screen Time"", ""Low Physical Activity"", ""Social Isolation""]"
STU_061,4,4.87,7.0,7.38,14.5,7.95,1.45,8.88,3.39,4.06,"Too many deadlines overlapping on the same day, feeling breathless.",98.0,Severe,Time-pressure,Increasing,"[""Sleep Deprivation"", ""Heavy Academic Workload"", ""Exam & Performance Anxiety"", ""Excessive Screen Time"", ""Low Physical Activity"", ""Social Isolation""]"
STU_061,5,4.82,7.0,7.07,11.5,8.1,1.35,8.93,3.37,3.48,"Running out of time to complete all my tasks today, constantly rushing.",98.0,Severe,Time-pressure,Increasing,"[""Sleep Deprivation"", ""Heavy Academic Workload"", ""Exam & Performance Anxiety"", ""Excessive Screen Time"", ""Low Physical Activity"", ""Social Isolation""]"
STU_061,6,4.78,7.0,7.17,16.2,8.25,1.13,8.97,3.36,5.2,"Running out of time to complete all my tasks today, constantly rushing.",98.0,Severe,Time-pressure,Increasing,"[""Sleep Deprivation"", ""Heavy Academic Workload"", ""Exam & Performance Anxiety"", ""Excessive Screen Time"", ""Low Physical Activity"", ""Social Isolation""]"
STU_061,7,4.73,7.0,7.99,11.1,8.4,1.15,9.02,3.34,6.95,"Too many deadlines overlapping on the same day, feeling breathless.",98.0,Severe,Time-pressure,Increasing,"[""Sleep Deprivation"", ""Heavy Academic Workload"", ""Exam & Performance Anxiety"", ""Excessive Screen Time"", ""Low Physical Activity"", ""Social Isolation""]"
STU_062,1,4.04,4.99,8.99,22.5,6.12,4.7,7.48,3.64,4.0,Screen usage late at night is ruining my sleep quality.,90.94,Severe,Sleep-related,Increasing,"[""Sleep Deprivation"", ""Exam & Performance Anxiety"", ""Excessive Screen Time""]"
STU_062,2,3.71,4.99,8.64,16.8,6.12,4.7,7.64,3.34,3.63,Disrupted sleep schedule and constant headaches throughout the morning.,95.54,Severe,Sleep-related,Increasing,"[""Sleep Deprivation"", ""Exam & Performance Anxiety"", ""Excessive Screen Time"", ""Low Physical Activity""]"
STU_062,3,3.41,4.99,8.96,18.7,6.8,4.7,7.8,3.07,6.06,Screen usage late at night is ruining my sleep quality.,97.91,Severe,Sleep-related,Increasing,"[""Sleep Deprivation"", ""Heavy Academic Workload"", ""Exam & Performance Anxiety"", ""Excessive Screen Time"", ""Low Physical Activity""]"
STU_062,4,3.94,4.99,8.4,19.5,6.47,4.7,7.53,3.55,5.4,Screen usage late at night is ruining my sleep quality.,92.95,Severe,Sleep-related,Increasing,"[""Sleep Deprivation"", ""Exam & Performance Anxiety"", ""Excessive Screen Time"", ""Low Physical Activity""]"
STU_062,5,3.35,4.99,8.39,21.2,6.29,4.7,7.83,3.01,3.98,Insomnia is killing me. Only slept 3 hours last night and feel exhausted.,96.48,Severe,Sleep-related,Increasing,"[""Sleep Deprivation"", ""Exam & Performance Anxiety"", ""Excessive Screen Time""]"
STU_062,6,3.45,4.99,8.15,15.3,6.49,4.7,7.78,3.1,6.6,Disrupted sleep schedule and constant headaches throughout the morning.,97.98,Severe,Sleep-related,Increasing,"[""Sleep Deprivation"", ""Exam & Performance Anxiety"", ""Excessive Screen Time"", ""Low Physical Activity""]"
STU_062,7,3.44,4.99,9.23,18.1,6.24,4.7,7.78,3.1,6.72,Screen usage late at night is ruining my sleep quality.,98.0,Severe,Sleep-related,Increasing,"[""Sleep Deprivation"", ""Exam & Performance Anxiety"", ""Excessive Screen Time"", ""Low Physical Activity""]"
STU_063,1,5.41,7.84,7.27,16.6,7.2,1.62,7.4,4.54,9.32,Constant pressure to perform well and keep up high GPA expectations.,93.09,Severe,Performance,Sudden Escalation,"[""Sleep Deprivation"", ""Heavy Academic Workload"", ""Exam & Performance Anxiety"", ""Excessive Screen Time"", ""Low Physical Activity"", ""Social Isolation""]"
STU_063,2,5.24,6.56,7.27,16.6,7.44,1.58,7.37,4.55,8.42,Constant pressure to perform well and keep up high GPA expectations.,95.0,Severe,Performance,Sudden Escalation,"[""Sleep Deprivation"", ""Heavy Academic Workload"", ""Exam & Performance Anxiety"", ""Excessive Screen Time"", ""Low Physical Activity"", ""Social Isolation""]"
STU_063,3,4.95,7.74,7.27,16.6,6.89,2.5,7.28,4.59,8.57,Worried about my upcoming seminar presentation in front of professors.,88.99,Severe,Performance,Sudden Escalation,"[""Sleep Deprivation"", ""Heavy Academic Workload"", ""Exam & Performance Anxiety"", ""Excessive Screen Time"", ""Low Physical Activity""]"
STU_063,4,5.49,7.74,7.27,16.6,7.15,1.87,7.68,4.43,5.69,Terrified about campus placement interviews and job application rejections.,92.46,Severe,Performance,Sudden Escalation,"[""Sleep Deprivation"", ""Heavy Academic Workload"", ""Exam & Performance Anxiety"", ""Excessive Screen Time"", ""Low Physical Activity"", ""Social Isolation""]"
STU_063,5,5.04,7.25,7.27,16.6,6.78,1.63,8.35,4.16,8.11,Terrified about campus placement interviews and job application rejections.,95.0,Severe,Performance,Sudden Escalation,"[""Sleep Deprivation"", ""Heavy Academic Workload"", ""Exam & Performance Anxiety"", ""Excessive Screen Time"", ""Low Physical Activity"", ""Social Isolation""]"
STU_063,6,4.97,7.69,7.27,16.6,7.49,2.3,7.81,4.38,3.24,Feeling inadequate compared to my peers during coding competitive tests.,95.01,Severe,Performance,Sudden Escalation,"[""Sleep Deprivation"", ""Heavy Academic Workload"", ""Exam & Performance Anxiety"", ""Excessive Screen Time"", ""Low Physical Activity""]"
STU_063,7,5.13,6.58,7.27,16.6,6.9,1.87,6.58,4.87,7.49,Worried about my upcoming seminar presentation in front of professors.,88.79,Severe,Performance,Sudden Escalation,"[""Sleep Deprivation"", ""Heavy Academic Workload"", ""Exam & Performance Anxiety"", ""Excessive Screen Time"", ""Low Physical Activity"", ""Social Isolation""]"
STU_064,1,7.57,9.03,3.97,49.8,5.81,1.15,5.55,5.22,4.75,Can't focus on studying due to overwhelming course requirements and deadlines.,59.57,Moderate,Academic,Sudden Escalation,"[""Social Isolation""]"
STU_064,2,7.6,9.16,3.31,39.4,5.74,1.38,5.52,5.24,8.34,Can't focus on studying due to overwhelming course requirements and deadlines.,61.59,High,Academic,Sudden Escalation,"[""Social Isolation""]"
STU_064,3,7.89,9.35,3.61,49.7,5.83,1.27,5.47,5.27,4.13,I have three major midterms coming up this week and I feel completely unprepared.,59.98,Moderate,Academic,Sudden Escalation,"[""Social Isolation""]"
STU_064,4,7.86,8.97,3.13,51.0,6.19,1.76,5.62,5.19,8.35,Can't focus on studying due to overwhelming course requirements and deadlines.,57.01,Moderate,Academic,Sudden Escalation,"[""Social Isolation""]"
STU_064,5,6.85,9.07,3.13,46.2,7.32,1.53,6.37,4.81,6.81,Extremely anxious about upcoming lab exams and pending submissions.,70.54,High,Academic,Sudden Escalation,"[""Heavy Academic Workload"", ""Exam & Performance Anxiety"", ""Social Isolation""]"
STU_064,6,7.14,10.22,3.85,41.4,7.17,1.84,6.23,4.89,8.55,Struggling with the heavy assignment load and complex programming projects.,70.12,High,Academic,Sudden Escalation,"[""Heavy Academic Workload"", ""Exam & Performance Anxiety"", ""Social Isolation""]"
STU_064,7,7.1,9.21,3.33,48.7,7.6,1.47,6.41,4.8,6.08,I have three major midterms coming up this week and I feel completely unprepared.,72.53,High,Academic,Sudden Escalation,"[""Heavy Academic Workload"", ""Exam & Performance Anxiety"", ""Social Isolation""]"
STU_065,1,6.48,4.69,4.26,51.2,5.68,4.02,7.0,4.7,6.8,Feeling inadequate compared to my peers during coding competitive tests.,67.02,High,Performance,Increasing,"[""Exam & Performance Anxiety""]"
STU_065,2,6.12,5.55,4.26,51.2,5.04,3.53,7.62,4.45,4.94,Worried about my upcoming seminar presentation in front of professors.,70.21,High,Performance,Increasing,"[""Exam & Performance Anxiety""]"
STU_065,3,6.11,4.15,4.26,51.2,5.14,3.73,8.22,4.21,4.22,Worried about my upcoming seminar presentation in front of professors.,71.13,High,Performance,Increasing,"[""Exam & Performance Anxiety""]"
STU_065,4,6.67,4.41,4.26,51.2,5.55,3.51,8.12,4.25,7.42,Worried about my upcoming seminar presentation in front of professors.,70.91,High,Performance,Increasing,"[""Exam & Performance Anxiety""]"
STU_065,5,6.11,5.03,4.26,51.2,5.75,4.11,7.34,4.57,6.79,Terrified about campus placement interviews and job application rejections.,69.93,High,Performance,Increasing,"[""Exam & Performance Anxiety""]"
STU_065,6,6.5,5.27,4.26,51.2,6.03,3.65,7.87,4.35,8.89,Feeling inadequate compared to my peers during coding competitive tests.,73.71,High,Performance,Increasing,"[""Exam & Performance Anxiety""]"
STU_065,7,6.2,4.81,4.26,51.2,5.7,3.53,8.25,4.2,6.06,Terrified about campus placement interviews and job application rejections.,72.9,High,Performance,Increasing,"[""Exam & Performance Anxiety""]"
STU_066,1,7.4,6.35,7.56,57.6,8.4,3.62,5.5,6.0,7.84,"Exhausted from constant workload, lack of sleep, and social fatigue.",65.94,High,Mixed,Decreasing,"[""Heavy Academic Workload"", ""Excessive Screen Time""]"
STU_066,2,7.46,6.35,7.56,57.6,8.25,3.62,5.35,6.08,5.42,Feeling overwhelmed by academic deadlines and personal life stress.,64.86,High,Mixed,Decreasing,"[""Heavy Academic Workload"", ""Excessive Screen Time""]"
STU_066,3,7.52,6.35,7.56,57.6,8.1,3.62,5.2,6.15,8.53,"Struggling to manage daily routine, exams, and keeping up health.",64.95,High,Mixed,Decreasing,"[""Heavy Academic Workload"", ""Excessive Screen Time""]"
STU_066,4,7.58,6.35,7.56,57.6,7.95,3.62,5.05,6.22,6.07,"Everything is building up at once - exams, poor sleep, and placement worries.",62.68,High,Mixed,Decreasing,"[""Heavy Academic Workload"", ""Excessive Screen Time""]"
STU_066,5,7.64,6.35,7.56,57.6,7.8,3.62,4.9,6.3,8.64,"Everything is building up at once - exams, poor sleep, and placement worries.",59.44,Moderate,Mixed,Decreasing,"[""Heavy Academic Workload"", ""Excessive Screen Time""]"
STU_066,6,7.7,6.35,7.56,57.6,7.65,3.62,4.75,6.38,5.69,Feeling overwhelmed by academic deadlines and personal life stress.,58.98,Moderate,Mixed,Decreasing,"[""Heavy Academic Workload"", ""Excessive Screen Time""]"
STU_066,7,7.76,6.35,7.56,57.6,7.5,3.62,4.6,6.45,3.89,"Exhausted from constant workload, lack of sleep, and social fatigue.",60.33,High,Mixed,Decreasing,"[""Heavy Academic Workload"", ""Excessive Screen Time""]"
STU_067,1,5.56,8.15,7.53,35.6,5.88,3.19,7.77,4.39,4.36,Worried about my upcoming seminar presentation in front of professors.,78.6,High,Performance,Decreasing,"[""Sleep Deprivation"", ""Exam & Performance Anxiety"", ""Excessive Screen Time""]"
STU_067,2,5.84,8.28,7.53,35.6,5.87,2.58,8.06,4.28,7.12,Feeling inadequate compared to my peers during coding competitive tests.,80.09,Severe,Performance,Decreasing,"[""Sleep Deprivation"", ""Exam & Performance Anxiety"", ""Excessive Screen Time""]"
STU_067,3,5.71,8.86,7.53,35.6,5.5,3.32,6.9,4.74,8.8,Terrified about campus placement interviews and job application rejections.,74.56,High,Performance,Decreasing,"[""Sleep Deprivation"", ""Exam & Performance Anxiety"", ""Excessive Screen Time""]"
STU_067,4,5.93,8.21,7.53,35.6,5.86,3.36,7.97,4.31,5.03,Worried about my upcoming seminar presentation in front of professors.,78.87,High,Performance,Decreasing,"[""Sleep Deprivation"", ""Exam & Performance Anxiety"", ""Excessive Screen Time""]"
STU_067,5,5.75,8.17,7.53,35.6,5.2,3.3,6.59,4.86,7.73,Feeling inadequate compared to my peers during coding competitive tests.,75.25,High,Performance,Decreasing,"[""Sleep Deprivation"", ""Exam & Performance Anxiety"", ""Excessive Screen Time""]"
STU_067,6,5.4,7.92,7.53,35.6,5.69,2.37,7.19,4.63,7.88,Worried about my upcoming seminar presentation in front of professors.,82.3,Severe,Performance,Decreasing,"[""Sleep Deprivation"", ""Exam & Performance Anxiety"", ""Excessive Screen Time""]"
STU_067,7,5.45,8.78,7.53,35.6,5.26,3.34,6.95,4.72,7.77,Constant pressure to perform well and keep up high GPA expectations.,78.63,High,Performance,Decreasing,"[""Sleep Deprivation"", ""Exam & Performance Anxiety"", ""Excessive Screen Time""]"
STU_068,1,4.99,7.27,8.46,26.9,6.84,1.0,6.8,5.6,7.3,Feeling isolated from my peer group and struggling with campus social life.,86.79,Severe,Social,Increasing,"[""Sleep Deprivation"", ""Heavy Academic Workload"", ""Exam & Performance Anxiety"", ""Excessive Screen Time"", ""Social Isolation""]"
STU_068,2,4.99,7.27,8.46,26.9,6.84,0.98,6.81,5.59,5.71,Feeling isolated from my peer group and struggling with campus social life.,83.46,Severe,Social,Increasing,"[""Sleep Deprivation"", ""Heavy Academic Workload"", ""Exam & Performance Anxiety"", ""Excessive Screen Time"", ""Social Isolation""]"
STU_068,3,4.99,7.27,8.46,26.9,6.84,1.2,6.68,5.72,7.56,Difficulty balancing group project communication and team dynamics.,85.58,Severe,Social,Increasing,"[""Sleep Deprivation"", ""Heavy Academic Workload"", ""Exam & Performance Anxiety"", ""Excessive Screen Time"", ""Social Isolation""]"
STU_068,4,4.99,7.27,8.46,26.9,6.84,1.34,6.6,5.8,4.96,Feeling isolated from my peer group and struggling with campus social life.,85.74,Severe,Social,Increasing,"[""Sleep Deprivation"", ""Heavy Academic Workload"", ""Exam & Performance Anxiety"", ""Excessive Screen Time"", ""Social Isolation""]"
STU_068,5,4.99,7.27,8.46,26.9,6.84,0.97,6.82,5.58,7.05,Missing home and feeling lonely during weekends in the college dormitory.,87.35,Severe,Social,Increasing,"[""Sleep Deprivation"", ""Heavy Academic Workload"", ""Exam & Performance Anxiety"", ""Excessive Screen Time"", ""Social Isolation""]"
STU_068,6,4.99,7.27,8.46,26.9,6.84,0.94,6.84,5.56,6.33,Feeling isolated from my peer group and struggling with campus social life.,86.04,Severe,Social,Increasing,"[""Sleep Deprivation"", ""Heavy Academic Workload"", ""Exam & Performance Anxiety"", ""Excessive Screen Time"", ""Social Isolation""]"
STU_068,7,4.99,7.27,8.46,26.9,6.84,1.01,6.8,5.6,6.24,Feeling isolated from my peer group and struggling with campus social life.,84.9,Severe,Social,Increasing,"[""Sleep Deprivation"", ""Heavy Academic Workload"", ""Exam & Performance Anxiety"", ""Excessive Screen Time"", ""Social Isolation""]"
STU_069,1,7.61,7.99,9.37,26.1,5.46,1.06,6.76,5.64,5.15,Difficulty balancing group project communication and team dynamics.,71.92,High,Social,Increasing,"[""Exam & Performance Anxiety"", ""Excessive Screen Time"", ""Social Isolation""]"
STU_069,2,7.61,7.99,9.37,26.1,5.46,1.5,6.5,5.9,8.43,Feeling isolated from my peer group and struggling with campus social life.,68.4,High,Social,Increasing,"[""Exam & Performance Anxiety"", ""Excessive Screen Time"", ""Social Isolation""]"
STU_069,3,7.61,7.99,9.37,26.1,5.46,0.96,6.82,5.58,8.07,Feeling isolated from my peer group and struggling with campus social life.,67.82,High,Social,Increasing,"[""Exam & Performance Anxiety"", ""Excessive Screen Time"", ""Social Isolation""]"
STU_069,4,7.61,7.99,9.37,26.1,5.46,1.44,6.54,5.86,7.19,Missing home and feeling lonely during weekends in the college dormitory.,68.99,High,Social,Increasing,"[""Exam & Performance Anxiety"", ""Excessive Screen Time"", ""Social Isolation""]"
STU_069,5,7.61,7.99,9.37,26.1,5.46,1.13,6.72,5.68,6.02,Missing home and feeling lonely during weekends in the college dormitory.,71.98,High,Social,Increasing,"[""Exam & Performance Anxiety"", ""Excessive Screen Time"", ""Social Isolation""]"
STU_069,6,7.61,7.99,9.37,26.1,5.46,1.42,6.55,5.85,8.54,Feeling isolated from my peer group and struggling with campus social life.,65.79,High,Social,Increasing,"[""Exam & Performance Anxiety"", ""Excessive Screen Time"", ""Social Isolation""]"
STU_069,7,7.61,7.99,9.37,26.1,5.46,1.21,6.67,5.73,7.8,Difficulty balancing group project communication and team dynamics.,69.8,High,Social,Increasing,"[""Exam & Performance Anxiety"", ""Excessive Screen Time"", ""Social Isolation""]"
STU_070,1,3.9,4.89,6.58,28.1,9.14,4.42,7.98,4.01,7.48,Extremely anxious about upcoming lab exams and pending submissions.,98.0,Severe,Academic,Stable,"[""Sleep Deprivation"", ""Heavy Academic Workload"", ""Exam & Performance Anxiety""]"
STU_070,2,4.09,5.66,6.4,27.8,9.35,4.09,8.01,3.99,3.67,Struggling with the heavy assignment load and complex programming projects.,98.0,Severe,Academic,Stable,"[""Sleep Deprivation"", ""Heavy Academic Workload"", ""Exam & Performance Anxiety""]"
STU_070,3,4.05,5.18,6.67,20.6,9.78,4.04,8.2,3.9,6.14,Struggling with the heavy assignment load and complex programming projects.,98.0,Severe,Academic,Stable,"[""Sleep Deprivation"", ""Heavy Academic Workload"", ""Exam & Performance Anxiety""]"
STU_070,4,3.81,4.99,6.3,20.0,9.36,4.81,8.1,3.95,9.36,Struggling with the heavy assignment load and complex programming projects.,98.0,Severe,Academic,Stable,"[""Sleep Deprivation"", ""Heavy Academic Workload"", ""Exam & Performance Anxiety"", ""Low Physical Activity""]"
STU_070,5,4.14,5.12,6.94,28.4,9.54,4.16,8.07,3.96,7.31,Can't focus on studying due to overwhelming course requirements and deadlines.,98.0,Severe,Academic,Stable,"[""Sleep Deprivation"", ""Heavy Academic Workload"", ""Exam & Performance Anxiety""]"
STU_070,6,4.25,5.57,7.13,20.6,9.51,4.81,8.03,3.99,8.54,Extremely anxious about upcoming lab exams and pending submissions.,98.0,Severe,Academic,Stable,"[""Sleep Deprivation"", ""Heavy Academic Workload"", ""Exam & Performance Anxiety"", ""Excessive Screen Time""]"
STU_070,7,4.29,5.07,6.48,15.2,9.74,4.77,8.11,3.95,5.62,Extremely anxious about upcoming lab exams and pending submissions.,98.0,Severe,Academic,Stable,"[""Sleep Deprivation"", ""Heavy Academic Workload"", ""Exam & Performance Anxiety"", ""Low Physical Activity""]"
STU_071,1,6.07,9.79,5.24,53.5,6.38,0.56,7.61,4.45,8.15,Terrified about campus placement interviews and job application rejections.,76.18,High,Performance,Stable,"[""Exam & Performance Anxiety"", ""Social Isolation""]"
STU_071,2,5.6,9.76,5.24,53.5,6.85,0.5,7.81,4.38,5.36,Worried about my upcoming seminar presentation in front of professors.,83.86,Severe,Performance,Stable,"[""Sleep Deprivation"", ""Heavy Academic Workload"", ""Exam & Performance Anxiety"", ""Social Isolation""]"
STU_071,3,5.86,9.14,5.24,53.5,5.94,0.5,7.74,4.4,7.65,Worried about my upcoming seminar presentation in front of professors.,78.84,High,Performance,Stable,"[""Sleep Deprivation"", ""Exam & Performance Anxiety"", ""Social Isolation""]"
STU_071,4,6.0,9.95,5.24,53.5,6.0,0.63,8.16,4.24,6.56,Worried about my upcoming seminar presentation in front of professors.,83.13,Severe,Performance,Stable,"[""Exam & Performance Anxiety"", ""Social Isolation""]"
STU_071,5,5.6,8.97,5.24,53.5,6.26,0.5,8.14,4.24,3.7,Feeling inadequate compared to my peers during coding competitive tests.,84.75,Severe,Performance,Stable,"[""Sleep Deprivation"", ""Exam & Performance Anxiety"", ""Social Isolation""]"
STU_071,6,5.58,9.09,5.24,53.5,6.49,0.58,7.41,4.53,3.7,Worried about my upcoming seminar presentation in front of professors.,82.63,Severe,Performance,Stable,"[""Sleep Deprivation"", ""Exam & Performance Anxiety"", ""Social Isolation""]"
STU_071,7,5.63,10.2,5.24,53.5,6.3,0.5,8.04,4.28,9.27,Constant pressure to perform well and keep up high GPA expectations.,82.55,Severe,Performance,Stable,"[""Sleep Deprivation"", ""Exam & Performance Anxiety"", ""Social Isolation""]"
STU_072,1,6.41,7.32,6.03,46.7,8.88,4.03,7.13,4.44,5.72,Extremely anxious about upcoming lab exams and pending submissions.,82.44,Severe,Academic,Stable,"[""Heavy Academic Workload"", ""Exam & Performance Anxiety""]"
STU_072,2,6.1,6.47,6.32,51.5,8.8,4.35,7.19,4.41,5.68,Struggling with the heavy assignment load and complex programming projects.,85.84,Severe,Academic,Stable,"[""Heavy Academic Workload"", ""Exam & Performance Anxiety""]"
STU_072,3,6.06,6.55,6.63,43.7,8.89,3.93,7.24,4.38,4.31,Struggling with the heavy assignment load and complex programming projects.,89.27,Severe,Academic,Stable,"[""Heavy Academic Workload"", ""Exam & Performance Anxiety""]"
STU_072,4,6.34,6.61,6.6,41.9,8.81,3.99,7.12,4.44,7.62,Can't focus on studying due to overwhelming course requirements and deadlines.,87.51,Severe,Academic,Stable,"[""Heavy Academic Workload"", ""Exam & Performance Anxiety""]"
STU_072,5,6.18,6.97,6.87,45.9,8.95,3.97,7.23,4.39,8.7,Can't focus on studying due to overwhelming course requirements and deadlines.,88.53,Severe,Academic,Stable,"[""Heavy Academic Workload"", ""Exam & Performance Anxiety""]"
STU_072,6,6.51,6.26,6.31,55.8,8.61,4.58,6.99,4.5,9.39,Struggling with the heavy assignment load and complex programming projects.,78.15,High,Academic,Stable,"[""Heavy Academic Workload"", ""Exam & Performance Anxiety""]"
STU_072,7,6.43,6.19,6.71,53.5,8.87,4.1,7.12,4.44,3.67,Extremely anxious about upcoming lab exams and pending submissions.,81.96,Severe,Academic,Stable,"[""Heavy Academic Workload"", ""Exam & Performance Anxiety""]"
STU_073,1,7.47,6.37,4.19,50.3,7.79,2.15,5.5,6.0,5.52,"Struggling to manage daily routine, exams, and keeping up health.",66.02,High,Mixed,Increasing,"[""Heavy Academic Workload""]"
STU_073,2,7.41,6.37,4.19,50.3,7.94,2.15,5.65,5.92,9.28,Feeling overwhelmed by academic deadlines and personal life stress.,69.36,High,Mixed,Increasing,"[""Heavy Academic Workload""]"
STU_073,3,7.35,6.37,4.19,50.3,8.09,2.15,5.8,5.85,4.32,Feeling overwhelmed by academic deadlines and personal life stress.,65.52,High,Mixed,Increasing,"[""Heavy Academic Workload""]"
STU_073,4,7.29,6.37,4.19,50.3,8.24,2.15,5.95,5.78,8.39,"Struggling to manage daily routine, exams, and keeping up health.",71.99,High,Mixed,Increasing,"[""Heavy Academic Workload""]"
STU_073,5,7.23,6.37,4.19,50.3,8.39,2.15,6.1,5.7,7.91,Feeling overwhelmed by academic deadlines and personal life stress.,73.83,High,Mixed,Increasing,"[""Heavy Academic Workload"", ""Exam & Performance Anxiety""]"
STU_073,6,7.17,6.37,4.19,50.3,8.54,2.15,6.25,5.62,8.04,"Exhausted from constant workload, lack of sleep, and social fatigue.",73.23,High,Mixed,Increasing,"[""Heavy Academic Workload"", ""Exam & Performance Anxiety""]"
STU_073,7,7.11,6.37,4.19,50.3,8.69,2.15,6.4,5.55,5.92,Feeling overwhelmed by academic deadlines and personal life stress.,77.31,High,Mixed,Increasing,"[""Heavy Academic Workload"", ""Exam & Performance Anxiety""]"
STU_074,1,5.25,4.04,5.57,32.0,5.57,3.23,5.5,6.0,3.04,Feeling overwhelmed by academic deadlines and personal life stress.,66.49,High,Mixed,Stable,"[""Sleep Deprivation""]"
STU_074,2,5.25,4.04,5.57,32.0,5.57,3.23,5.5,6.0,3.26,"Exhausted from constant workload, lack of sleep, and social fatigue.",68.5,High,Mixed,Stable,"[""Sleep Deprivation""]"
STU_074,3,5.25,4.04,5.57,32.0,5.57,3.23,5.5,6.0,8.03,"Everything is building up at once - exams, poor sleep, and placement worries.",71.28,High,Mixed,Stable,"[""Sleep Deprivation""]"
STU_074,4,5.25,4.04,5.57,32.0,5.57,3.23,5.5,6.0,6.19,Feeling overwhelmed by academic deadlines and personal life stress.,69.46,High,Mixed,Stable,"[""Sleep Deprivation""]"
STU_074,5,5.25,4.04,5.57,32.0,5.57,3.23,5.5,6.0,3.47,Feeling overwhelmed by academic deadlines and personal life stress.,69.14,High,Mixed,Stable,"[""Sleep Deprivation""]"
STU_074,6,5.25,4.04,5.57,32.0,5.57,3.23,5.5,6.0,9.22,"Exhausted from constant workload, lack of sleep, and social fatigue.",69.95,High,Mixed,Stable,"[""Sleep Deprivation""]"
STU_074,7,5.25,4.04,5.57,32.0,5.57,3.23,5.5,6.0,5.7,"Exhausted from constant workload, lack of sleep, and social fatigue.",68.83,High,Mixed,Stable,"[""Sleep Deprivation""]"
STU_075,1,4.87,4.33,5.57,24.9,5.16,0.9,6.86,5.54,3.75,Feeling isolated from my peer group and struggling with campus social life.,78.74,High,Social,Sudden Escalation,"[""Sleep Deprivation"", ""Exam & Performance Anxiety"", ""Social Isolation""]"
STU_075,2,4.87,4.33,5.57,24.9,5.16,1.22,6.67,5.73,9.23,Had a conflict with roommate and feeling socially strained.,75.44,High,Social,Sudden Escalation,"[""Sleep Deprivation"", ""Exam & Performance Anxiety"", ""Social Isolation""]"
STU_075,3,4.87,4.33,5.57,24.9,5.16,0.95,6.83,5.57,5.51,Feeling isolated from my peer group and struggling with campus social life.,77.21,High,Social,Sudden Escalation,"[""Sleep Deprivation"", ""Exam & Performance Anxiety"", ""Social Isolation""]"
STU_075,4,4.87,4.33,5.57,24.9,5.16,1.07,6.76,5.64,6.34,Missing home and feeling lonely during weekends in the college dormitory.,76.44,High,Social,Sudden Escalation,"[""Sleep Deprivation"", ""Exam & Performance Anxiety"", ""Social Isolation""]"
STU_075,5,4.87,4.33,5.57,24.9,5.16,1.09,6.74,5.66,8.84,Missing home and feeling lonely during weekends in the college dormitory.,77.54,High,Social,Sudden Escalation,"[""Sleep Deprivation"", ""Exam & Performance Anxiety"", ""Social Isolation""]"
STU_075,6,4.87,4.33,5.57,24.9,5.16,1.35,6.59,5.81,4.09,Feeling isolated from my peer group and struggling with campus social life.,76.49,High,Social,Sudden Escalation,"[""Sleep Deprivation"", ""Exam & Performance Anxiety"", ""Social Isolation""]"
STU_075,7,4.87,4.33,5.57,24.9,5.16,0.73,6.96,5.44,7.08,Feeling isolated from my peer group and struggling with campus social life.,79.57,High,Social,Sudden Escalation,"[""Sleep Deprivation"", ""Exam & Performance Anxiety"", ""Social Isolation""]"
STU_076,1,7.2,7.52,3.52,39.2,8.19,3.66,6.81,4.78,3.25,Worried about my upcoming seminar presentation in front of professors.,74.57,High,Performance,Increasing,"[""Heavy Academic Workload"", ""Exam & Performance Anxiety""]"
STU_076,2,7.61,6.81,3.52,39.2,7.49,4.33,8.14,4.24,5.52,Feeling inadequate compared to my peers during coding competitive tests.,77.81,High,Performance,Increasing,"[""Heavy Academic Workload"", ""Exam & Performance Anxiety""]"
STU_076,3,7.75,7.19,3.52,39.2,8.05,3.73,7.57,4.47,7.91,Terrified about campus placement interviews and job application rejections.,75.93,High,Performance,Increasing,"[""Heavy Academic Workload"", ""Exam & Performance Anxiety""]"
STU_076,4,7.72,7.6,3.52,39.2,8.0,3.48,6.71,4.82,6.94,Worried about my upcoming seminar presentation in front of professors.,73.23,High,Performance,Increasing,"[""Heavy Academic Workload"", ""Exam & Performance Anxiety""]"
STU_076,5,7.53,7.94,3.52,39.2,7.7,3.58,6.56,4.88,3.89,Constant pressure to perform well and keep up high GPA expectations.,68.25,High,Performance,Increasing,"[""Heavy Academic Workload"", ""Exam & Performance Anxiety""]"
STU_076,6,7.43,7.74,3.52,39.2,7.81,3.44,6.79,4.78,9.22,Worried about my upcoming seminar presentation in front of professors.,73.45,High,Performance,Increasing,"[""Heavy Academic Workload"", ""Exam & Performance Anxiety""]"
STU_076,7,7.67,7.86,3.52,39.2,7.43,4.36,7.65,4.44,4.98,Terrified about campus placement interviews and job application rejections.,71.89,High,Performance,Increasing,"[""Heavy Academic Workload"", ""Exam & Performance Anxiety""]"
STU_077,1,5.35,8.43,7.26,21.4,4.1,3.47,5.5,6.0,4.18,"Everything is building up at once - exams, poor sleep, and placement worries.",63.55,High,Mixed,Decreasing,"[""Sleep Deprivation"", ""Excessive Screen Time""]"
STU_077,2,5.41,8.43,7.26,21.4,3.95,3.47,5.35,6.08,8.53,"Everything is building up at once - exams, poor sleep, and placement worries.",65.25,High,Mixed,Decreasing,"[""Sleep Deprivation"", ""Excessive Screen Time""]"
STU_077,3,5.47,8.43,7.26,21.4,3.8,3.47,5.2,6.15,7.19,"Struggling to manage daily routine, exams, and keeping up health.",64.47,High,Mixed,Decreasing,"[""Sleep Deprivation"", ""Excessive Screen Time""]"
STU_077,4,5.53,8.43,7.26,21.4,3.65,3.47,5.05,6.22,4.63,"Everything is building up at once - exams, poor sleep, and placement worries.",57.73,Moderate,Mixed,Decreasing,"[""Sleep Deprivation"", ""Excessive Screen Time""]"
STU_077,5,5.59,8.43,7.26,21.4,3.5,3.47,4.9,6.3,9.19,"Struggling to manage daily routine, exams, and keeping up health.",56.89,Moderate,Mixed,Decreasing,"[""Sleep Deprivation"", ""Excessive Screen Time""]"
STU_077,6,5.65,8.43,7.26,21.4,3.35,3.47,4.75,6.38,3.65,"Exhausted from constant workload, lack of sleep, and social fatigue.",56.27,Moderate,Mixed,Decreasing,"[""Sleep Deprivation"", ""Excessive Screen Time""]"
STU_077,7,5.71,8.43,7.26,21.4,3.2,3.47,4.6,6.45,5.07,"Exhausted from constant workload, lack of sleep, and social fatigue.",56.26,Moderate,Mixed,Decreasing,"[""Sleep Deprivation"", ""Excessive Screen Time""]"
STU_078,1,3.93,4.83,8.01,28.2,4.93,2.27,7.54,3.54,4.8,Screen usage late at night is ruining my sleep quality.,90.48,Severe,Sleep-related,Decreasing,"[""Sleep Deprivation"", ""Exam & Performance Anxiety"", ""Excessive Screen Time""]"
STU_078,2,4.01,4.83,9.02,25.7,5.02,2.27,7.5,3.61,6.17,"Waking up feeling tired despite sleeping late, unable to get restful sleep.",89.57,Severe,Sleep-related,Decreasing,"[""Sleep Deprivation"", ""Exam & Performance Anxiety"", ""Excessive Screen Time""]"
STU_078,3,3.91,4.83,8.97,27.6,4.77,2.27,7.55,3.52,4.71,Disrupted sleep schedule and constant headaches throughout the morning.,91.37,Severe,Sleep-related,Decreasing,"[""Sleep Deprivation"", ""Exam & Performance Anxiety"", ""Excessive Screen Time""]"
STU_078,4,4.84,4.83,8.11,30.3,4.76,2.27,7.08,4.35,8.28,Insomnia is killing me. Only slept 3 hours last night and feel exhausted.,80.47,Severe,Sleep-related,Decreasing,"[""Sleep Deprivation"", ""Exam & Performance Anxiety"", ""Excessive Screen Time""]"
STU_078,5,4.68,4.83,9.15,30.1,4.9,2.27,7.16,4.21,7.25,Screen usage late at night is ruining my sleep quality.,81.73,Severe,Sleep-related,Decreasing,"[""Sleep Deprivation"", ""Exam & Performance Anxiety"", ""Excessive Screen Time""]"
STU_078,6,4.4,4.83,8.59,24.6,5.58,2.27,7.3,3.96,6.02,Disrupted sleep schedule and constant headaches throughout the morning.,90.79,Severe,Sleep-related,Decreasing,"[""Sleep Deprivation"", ""Exam & Performance Anxiety"", ""Excessive Screen Time""]"
STU_078,7,4.91,4.83,8.6,23.8,5.19,2.27,7.04,4.42,7.92,Disrupted sleep schedule and constant headaches throughout the morning.,84.94,Severe,Sleep-related,Decreasing,"[""Sleep Deprivation"", ""Exam & Performance Anxiety"", ""Excessive Screen Time""]"
STU_079,1,4.48,7.46,5.83,54.2,5.02,3.2,7.03,4.69,6.37,Constant pressure to perform well and keep up high GPA expectations.,73.88,High,Performance,Sudden Escalation,"[""Sleep Deprivation"", ""Exam & Performance Anxiety""]"
STU_079,2,4.39,7.98,5.83,54.2,4.87,2.55,6.58,4.87,7.57,Terrified about campus placement interviews and job application rejections.,74.96,High,Performance,Sudden Escalation,"[""Sleep Deprivation"", ""Exam & Performance Anxiety""]"
STU_079,3,4.44,8.64,5.83,54.2,4.6,3.16,7.59,4.46,5.37,Feeling inadequate compared to my peers during coding competitive tests.,74.6,High,Performance,Sudden Escalation,"[""Sleep Deprivation"", ""Exam & Performance Anxiety""]"
STU_079,4,4.63,8.65,5.83,54.2,4.73,3.05,8.31,4.17,8.31,Worried about my upcoming seminar presentation in front of professors.,79.73,High,Performance,Sudden Escalation,"[""Sleep Deprivation"", ""Exam & Performance Anxiety""]"
STU_079,5,4.4,8.59,5.83,54.2,4.42,3.42,8.26,4.19,3.5,Constant pressure to perform well and keep up high GPA expectations.,78.37,High,Performance,Sudden Escalation,"[""Sleep Deprivation"", ""Exam & Performance Anxiety""]"
STU_079,6,4.82,7.72,5.83,54.2,4.72,3.07,7.93,4.33,5.69,Constant pressure to perform well and keep up high GPA expectations.,74.68,High,Performance,Sudden Escalation,"[""Sleep Deprivation"", ""Exam & Performance Anxiety""]"
STU_079,7,4.53,7.57,5.83,54.2,4.41,2.95,7.68,4.43,3.15,Feeling inadequate compared to my peers during coding competitive tests.,76.92,High,Performance,Sudden Escalation,"[""Sleep Deprivation"", ""Exam & Performance Anxiety""]"
STU_080,1,6.49,5.9,6.75,8.3,7.19,1.21,6.43,4.78,9.16,Can't focus on studying due to overwhelming course requirements and deadlines.,84.15,Severe,Academic,Increasing,"[""Heavy Academic Workload"", ""Exam & Performance Anxiety"", ""Low Physical Activity"", ""Social Isolation""]"
STU_080,2,6.16,5.17,6.63,13.5,7.3,0.81,6.57,4.71,7.05,Struggling with the heavy assignment load and complex programming projects.,82.89,Severe,Academic,Increasing,"[""Heavy Academic Workload"", ""Exam & Performance Anxiety"", ""Low Physical Activity"", ""Social Isolation""]"
STU_080,3,6.34,5.5,7.07,7.8,7.74,1.15,6.69,4.65,3.71,Struggling with the heavy assignment load and complex programming projects.,86.6,Severe,Academic,Increasing,"[""Heavy Academic Workload"", ""Exam & Performance Anxiety"", ""Excessive Screen Time"", ""Low Physical Activity"", ""Social Isolation""]"
STU_080,4,5.85,5.22,6.57,14.5,7.59,1.13,6.78,4.61,8.71,I have three major midterms coming up this week and I feel completely unprepared.,87.78,Severe,Academic,Increasing,"[""Sleep Deprivation"", ""Heavy Academic Workload"", ""Exam & Performance Anxiety"", ""Low Physical Activity"", ""Social Isolation""]"
STU_080,5,5.84,4.61,6.81,5.0,8.07,0.68,6.97,4.51,6.39,Extremely anxious about upcoming lab exams and pending submissions.,89.97,Severe,Academic,Increasing,"[""Sleep Deprivation"", ""Heavy Academic Workload"", ""Exam & Performance Anxiety"", ""Low Physical Activity"", ""Social Isolation""]"
STU_080,6,6.19,5.26,6.38,5.0,8.05,0.5,6.86,4.57,5.77,I have three major midterms coming up this week and I feel completely unprepared.,89.99,Severe,Academic,Increasing,"[""Heavy Academic Workload"", ""Exam & Performance Anxiety"", ""Low Physical Activity"", ""Social Isolation""]"
STU_080,7,5.68,5.83,6.23,7.8,8.09,0.68,7.03,4.49,7.61,I have three major midterms coming up this week and I feel completely unprepared.,91.71,Severe,Academic,Increasing,"[""Sleep Deprivation"", ""Heavy Academic Workload"", ""Exam & Performance Anxiety"", ""Low Physical Activity"", ""Social Isolation""]"
